{"type":"FeatureCollection","source":"PSA/NAMRIA barangay boundaries (PSGC Q4 2023) via faeldon/philippines-json-maps (MIT), simplified 0.1","features":[{"type":"Feature","properties":{"name":"Albalate","psgc":"0806005001","area_km2":8.364},"geometry":{"type":"Polygon","coordinates":[[[124.91297,11.85064],[124.91298,11.85381],[124.91319,11.86836],[124.91359,11.87847],[124.91144,11.87819],[124.8861,11.87643],[124.88628,11.87524],[124.88753,11.86769],[124.89058,11.84859],[124.90124,11.84955],[124.91297,11.85064]]]}},{"type":"Feature","properties":{"name":"Bagongon","psgc":"0806005002","area_km2":0.797},"geometry":{"type":"MultiPolygon","coordinates":[[[[124.73448,11.78513],[124.73431,11.78518],[124.73418,11.78509],[124.73414,11.78499],[124.73414,11.78476],[124.73406,11.78452],[124.73421,11.78448],[124.7342,11.78423],[124.73401,11.78405],[124.73395,11.78393],[124.73403,11.78373],[124.73425,11.78366],[124.73417,11.78359],[124.73423,11.78339],[124.73432,11.7832],[124.73449,11.78302],[124.73455,11.78319],[124.73471,11.78297],[124.73486,11.78297],[124.73508,11.78315],[124.73499,11.78321],[124.73504,11.7833],[124.73502,11.78352],[124.73494,11.78361],[124.73494,11.78377],[124.73501,11.78395],[124.73512,11.78406],[124.7352,11.78421],[124.73531,11.7842],[124.7354,11.78431],[124.73552,11.78433],[124.73559,11.78446],[124.73554,11.78466],[124.7353,11.78472],[124.73501,11.785],[124.73493,11.785],[124.73474,11.78509],[124.73464,11.78504],[124.73448,11.78513]]],[[[124.72336,11.79172],[124.72327,11.79156],[124.72316,11.79141],[124.72313,11.79118],[124.723,11.79115],[124.72296,11.79097],[124.723,11.79069],[124.723,11.79043],[124.72295,11.79024],[124.72284,11.79008],[124.72263,11.78992],[124.72253,11.78993],[124.72247,11.78985],[124.72223,11.78978],[124.72203,11.78983],[124.72202,11.78974],[124.72187,11.78963],[124.7216,11.78952],[124.7222,11.78927],[124.7224,11.78923],[124.72247,11.78914],[124.72259,11.78915],[124.72303,11.78907],[124.72342,11.78913],[124.72357,11.78905],[124.7237,11.78904],[124.72375,11.78897],[124.7239,11.78908],[124.724,11.78911],[124.72416,11.78922],[124.72418,11.78931],[124.72415,11.78969],[124.72423,11.78987],[124.72435,11.79031],[124.72441,11.79045],[124.72447,11.79081],[124.72448,11.79102],[124.72437,11.79124],[124.72429,11.79131],[124.72412,11.79135],[124.72399,11.79135],[124.7236,11.79154],[124.72358,11.79161],[124.72345,11.79172],[124.72336,11.79172]]],[[[124.73414,11.79262],[124.73399,11.79249],[124.73398,11.79236],[124.73402,11.79223],[124.73384,11.79212],[124.73392,11.79205],[124.73386,11.79194],[124.7338,11.7917],[124.73383,11.79164],[124.73372,11.79135],[124.73364,11.7913],[124.73354,11.7911],[124.73353,11.79092],[124.73372,11.7906],[124.73384,11.79045],[124.734,11.7904],[124.73427,11.79038],[124.73449,11.79059],[124.73454,11.79067],[124.73471,11.79071],[124.73473,11.79078],[124.73486,11.79083],[124.73494,11.79093],[124.73503,11.79093],[124.73525,11.79106],[124.73527,11.79127],[124.73512,11.79122],[124.73504,11.79132],[124.73468,11.79137],[124.73441,11.7915],[124.73425,11.79171],[124.73419,11.79198],[124.7342,11.79215],[124.73418,11.79235],[124.73426,11.79252],[124.73414,11.79262]]],[[[124.71953,11.79321],[124.71941,11.79321],[124.71926,11.79315],[124.71921,11.79298],[124.71913,11.79285],[124.7191,11.79265],[124.71894,11.79244],[124.71905,11.79244],[124.71916,11.79235],[124.71923,11.79242],[124.71941,11.79242],[124.71942,11.79249],[124.71965,11.79254],[124.71979,11.79263],[124.71984,11.79277],[124.71979,11.79301],[124.71973,11.79313],[124.71953,11.79321]]],[[[124.71577,11.80041],[124.71572,11.80079],[124.71563,11.80105],[124.71551,11.80108],[124.71537,11.80126],[124.71534,11.8014],[124.7152,11.80145],[124.71514,11.80109],[124.71516,11.80079],[124.71511,11.80036],[124.71526,11.80001],[124.7153,11.79978],[124.71526,11.79947],[124.71528,11.79931],[124.71525,11.7991],[124.71504,11.79868],[124.71464,11.79814],[124.71457,11.79799],[124.71442,11.79781],[124.71427,11.79772],[124.7141,11.79743],[124.71412,11.79719],[124.71402,11.79695],[124.71406,11.79688],[124.71397,11.79669],[124.71389,11.79662],[124.71376,11.79637],[124.71361,11.79622],[124.71362,11.79608],[124.71377,11.79586],[124.71393,11.79576],[124.71391,11.79528],[124.71407,11.79509],[124.71423,11.79524],[124.71414,11.79529],[124.71465,11.79561],[124.71522,11.79584],[124.71545,11.79592],[124.71569,11.79605],[124.71577,11.79626],[124.71595,11.79645],[124.71609,11.79652],[124.71615,11.79671],[124.71629,11.79677],[124.7163,11.79693],[124.71636,11.79702],[124.71642,11.79751],[124.71632,11.79763],[124.71624,11.79792],[124.71607,11.79809],[124.71593,11.79838],[124.71578,11.79887],[124.71572,11.79937],[124.71576,11.80003],[124.71584,11.80011],[124.71577,11.80041]]],[[[124.70157,11.80914],[124.70121,11.80918],[124.70102,11.80924],[124.7007,11.80931],[124.70059,11.80918],[124.70042,11.8091],[124.7002,11.80903],[124.69983,11.80896],[124.6995,11.80897],[124.6992,11.80907],[124.69904,11.80923],[124.69879,11.80923],[124.69855,11.8091],[124.69837,11.80896],[124.69811,11.80859],[124.6981,11.80845],[124.69817,11.80829],[124.69838,11.80814],[124.69864,11.80809],[124.69855,11.80796],[124.69833,11.80774],[124.69816,11.80746],[124.69816,11.80728],[124.69831,11.80709],[124.69838,11.80705],[124.69869,11.80709],[124.69903,11.80701],[124.69949,11.8068],[124.69977,11.80689],[124.69994,11.80708],[124.69998,11.80727],[124.7001,11.8074],[124.70023,11.80746],[124.70034,11.80747],[124.70042,11.80754],[124.70061,11.80744],[124.70067,11.80734],[124.7008,11.80728],[124.70093,11.80697],[124.70092,11.80686],[124.70096,11.80665],[124.70096,11.80649],[124.7009,11.80639],[124.70088,11.80622],[124.70096,11.80609],[124.70094,11.80569],[124.70086,11.80554],[124.70067,11.80539],[124.70059,11.8054],[124.70053,11.80524],[124.70045,11.80525],[124.70013,11.80496],[124.70001,11.80491],[124.69993,11.80496],[124.69968,11.80493],[124.69935,11.8048],[124.69934,11.80463],[124.69942,11.80458],[124.69977,11.80452],[124.69986,11.80447],[124.69981,11.80436],[124.69988,11.80423],[124.69985,11.80411],[124.69967,11.80405],[124.6997,11.80398],[124.69957,11.80384],[124.69944,11.80359],[124.69944,11.80339],[124.69954,11.80322],[124.69978,11.80309],[124.69987,11.80298],[124.69982,11.80287],[124.69973,11.80254],[124.69966,11.80236],[124.69953,11.80193],[124.6994,11.80162],[124.69941,11.80148],[124.6993,11.80116],[124.69938,11.80107],[124.69953,11.80115],[124.69974,11.80102],[124.6999,11.80102],[124.70007,11.80092],[124.70046,11.80084],[124.70053,11.80086],[124.70094,11.80078],[124.70123,11.80057],[124.70129,11.8006],[124.70158,11.80047],[124.70177,11.80045],[124.70181,11.80034],[124.70189,11.80028],[124.7021,11.80022],[124.70241,11.80022],[124.70273,11.80013],[124.70291,11.80005],[124.70313,11.79986],[124.70328,11.79978],[124.70339,11.7998],[124.70376,11.79959],[124.70394,11.79945],[124.70401,11.7993],[124.70411,11.79898],[124.7041,11.79868],[124.70418,11.79829],[124.70414,11.79811],[124.70422,11.79787],[124.70431,11.79775],[124.70441,11.79775],[124.70453,11.79763],[124.70476,11.79761],[124.70514,11.79719],[124.70526,11.797],[124.70543,11.7968],[124.70555,11.79657],[124.70561,11.79637],[124.70555,11.79616],[124.70562,11.79596],[124.70552,11.79575],[124.70552,11.79562],[124.70527,11.79566],[124.70519,11.79552],[124.70502,11.79547],[124.70501,11.7954],[124.70519,11.79519],[124.70528,11.79521],[124.7054,11.79516],[124.70541,11.79508],[124.7055,11.79499],[124.70553,11.79488],[124.7059,11.79478],[124.70599,11.79487],[124.70609,11.79485],[124.70629,11.79467],[124.70641,11.79444],[124.70663,11.79437],[124.70662,11.79425],[124.70671,11.7941],[124.70679,11.79421],[124.70676,11.79433],[124.70686,11.79436],[124.70696,11.79454],[124.70693,11.79464],[124.70696,11.7948],[124.70714,11.795],[124.70707,11.79507],[124.70714,11.79524],[124.70713,11.79551],[124.70709,11.79571],[124.70708,11.796],[124.70701,11.79689],[124.70695,11.79736],[124.7069,11.79746],[124.70691,11.7977],[124.70701,11.79822],[124.70708,11.79848],[124.70721,11.79876],[124.70741,11.79904],[124.70753,11.79916],[124.70757,11.7993],[124.70737,11.79966],[124.70737,11.79993],[124.70745,11.8003],[124.70749,11.80078],[124.70745,11.80119],[124.70739,11.80144],[124.70708,11.8017],[124.70681,11.80169],[124.7066,11.80177],[124.70656,11.80173],[124.706,11.8018],[124.70543,11.80186],[124.70439,11.80231],[124.70434,11.80241],[124.70423,11.80239],[124.70398,11.80255],[124.70394,11.80262],[124.7036,11.80283],[124.70343,11.80307],[124.70331,11.80336],[124.70317,11.80365],[124.70333,11.80371],[124.70333,11.8038],[124.70315,11.80375],[124.70304,11.80396],[124.703,11.80423],[124.70302,11.80437],[124.70289,11.80461],[124.70277,11.80515],[124.70278,11.80532],[124.70273,11.80544],[124.70269,11.80584],[124.70268,11.80614],[124.7027,11.80651],[124.70282,11.80676],[124.70292,11.80676],[124.70293,11.80702],[124.70283,11.80707],[124.70268,11.80721],[124.7026,11.80736],[124.7026,11.8076],[124.7027,11.80826],[124.70281,11.8086],[124.703,11.80887],[124.70322,11.80891],[124.70336,11.80888],[124.70346,11.80892],[124.70373,11.80922],[124.7037,11.80927],[124.70339,11.80922],[124.70313,11.80908],[124.70289,11.809],[124.70271,11.80902],[124.70243,11.80926],[124.70224,11.80921],[124.70206,11.80914],[124.70185,11.80916],[124.70157,11.80914]]]]}},{"type":"Feature","properties":{"name":"Bangon","psgc":"0806005003","area_km2":3.582},"geometry":{"type":"Polygon","coordinates":[[[124.8861,11.87643],[124.88516,11.88289],[124.88136,11.89262],[124.86638,11.88712],[124.86472,11.88518],[124.86672,11.8735],[124.87837,11.87461],[124.88628,11.87524],[124.8861,11.87643]]]}},{"type":"Feature","properties":{"name":"Basiao","psgc":"0806005004","area_km2":1.296},"geometry":{"type":"MultiPolygon","coordinates":[[[[124.89899,11.68655],[124.89885,11.68643],[124.89877,11.68649],[124.89861,11.68646],[124.89817,11.6863],[124.89786,11.68627],[124.89759,11.68617],[124.89738,11.68601],[124.8971,11.68591],[124.89696,11.6857],[124.89693,11.68562],[124.89679,11.68548],[124.8967,11.68528],[124.89729,11.68525],[124.8974,11.68526],[124.89758,11.68542],[124.8977,11.68548],[124.8981,11.68556],[124.89823,11.68572],[124.89841,11.68574],[124.89867,11.68603],[124.8988,11.68606],[124.89897,11.68621],[124.89926,11.68642],[124.89918,11.68653],[124.89899,11.68655]]],[[[124.90495,11.69289],[124.90484,11.69289],[124.90483,11.69277],[124.90495,11.69279],[124.90495,11.69289]]],[[[124.90721,11.69893],[124.90698,11.69891],[124.90681,11.6988],[124.90644,11.69829],[124.90633,11.69823],[124.9064,11.69789],[124.90662,11.69765],[124.90659,11.69741],[124.90646,11.69729],[124.90632,11.69703],[124.90634,11.69692],[124.90629,11.69681],[124.90624,11.69656],[124.90597,11.69619],[124.90537,11.69551],[124.90515,11.69537],[124.90493,11.6954],[124.90473,11.69537],[124.9046,11.69525],[124.90447,11.69505],[124.90446,11.69489],[124.90437,11.69464],[124.90441,11.69435],[124.90448,11.69424],[124.90441,11.69406],[124.90426,11.69392],[124.90425,11.69383],[124.90412,11.69376],[124.90396,11.69359],[124.90395,11.69351],[124.90382,11.69345],[124.90379,11.69332],[124.90372,11.69328],[124.90379,11.69303],[124.90371,11.69277],[124.90357,11.69269],[124.90346,11.69256],[124.90293,11.69244],[124.90274,11.69244],[124.90257,11.69251],[124.90247,11.69263],[124.90226,11.69277],[124.90217,11.6929],[124.90201,11.69302],[124.90169,11.69349],[124.90169,11.69354],[124.90143,11.69394],[124.90134,11.69393],[124.90126,11.69401],[124.90114,11.69395],[124.90082,11.69374],[124.90078,11.69362],[124.90069,11.69363],[124.90057,11.69346],[124.9006,11.69332],[124.90057,11.69321],[124.90066,11.69305],[124.90063,11.69291],[124.90051,11.69283],[124.90037,11.69266],[124.90027,11.69267],[124.90005,11.69241],[124.90015,11.69239],[124.90012,11.69224],[124.89994,11.69205],[124.89983,11.69178],[124.8997,11.69175],[124.89972,11.69159],[124.89955,11.69132],[124.89932,11.69132],[124.89909,11.69098],[124.89923,11.69095],[124.89918,11.69079],[124.8993,11.69072],[124.8992,11.69063],[124.89915,11.6905],[124.89905,11.69039],[124.89907,11.69029],[124.899,11.69007],[124.89922,11.69016],[124.89931,11.69024],[124.89978,11.69045],[124.90002,11.69068],[124.90016,11.69078],[124.9004,11.69071],[124.90048,11.69073],[124.90069,11.69061],[124.90081,11.69048],[124.90086,11.69054],[124.90111,11.69029],[124.90107,11.69011],[124.90123,11.69008],[124.90134,11.68985],[124.90141,11.68956],[124.90145,11.68928],[124.90144,11.68894],[124.90106,11.68855],[124.9011,11.68827],[124.901,11.68809],[124.901,11.68792],[124.90087,11.68773],[124.90078,11.68749],[124.90067,11.68733],[124.90045,11.68717],[124.90043,11.6871],[124.90023,11.68694],[124.90006,11.68687],[124.8999,11.68683],[124.89985,11.68675],[124.89967,11.68666],[124.89962,11.68655],[124.8995,11.68644],[124.89957,11.68635],[124.8998,11.68633],[124.90011,11.68641],[124.90067,11.68667],[124.90077,11.68679],[124.90097,11.68693],[124.90117,11.68703],[124.90131,11.68718],[124.90141,11.68735],[124.90169,11.68769],[124.90171,11.68781],[124.90181,11.68798],[124.90202,11.68822],[124.9021,11.68845],[124.90228,11.68857],[124.9023,11.68871],[124.90244,11.68873],[124.90254,11.68882],[124.90255,11.68899],[124.90267,11.68905],[124.90266,11.68913],[124.90276,11.68946],[124.90289,11.68975],[124.90309,11.68987],[124.90311,11.68998],[124.90325,11.69007],[124.90332,11.69025],[124.90342,11.69043],[124.90348,11.69089],[124.90356,11.69089],[124.90353,11.69105],[124.90357,11.69119],[124.90351,11.69139],[124.90351,11.69161],[124.9036,11.69167],[124.90362,11.69181],[124.90356,11.69193],[124.90363,11.6923],[124.9037,11.69245],[124.90395,11.69272],[124.90414,11.69269],[124.90424,11.69278],[124.90456,11.69283],[124.90498,11.69293],[124.90502,11.693],[124.90524,11.69303],[124.90558,11.6932],[124.90572,11.69321],[124.9058,11.69336],[124.90601,11.6935],[124.90608,11.69364],[124.9062,11.69368],[124.90629,11.69382],[124.90623,11.69389],[124.90642,11.69405],[124.90636,11.69414],[124.90638,11.69427],[124.90651,11.6946],[124.90652,11.69474],[124.90662,11.6949],[124.90675,11.69532],[124.90684,11.6956],[124.90692,11.69568],[124.90709,11.69612],[124.90714,11.69631],[124.90731,11.69638],[124.9075,11.69687],[124.90751,11.69715],[124.9076,11.69743],[124.90754,11.69753],[124.90755,11.69769],[124.90749,11.6977],[124.90735,11.69818],[124.90739,11.69847],[124.90748,11.69863],[124.90745,11.69885],[124.90741,11.69891],[124.90721,11.69893]]],[[[124.86988,11.7151],[124.86993,11.71493],[124.86974,11.71499],[124.86977,11.71485],[124.86964,11.71455],[124.86969,11.71445],[124.86962,11.71433],[124.86943,11.71432],[124.86928,11.71438],[124.8693,11.71425],[124.86938,11.71417],[124.86941,11.7139],[124.86965,11.7138],[124.86986,11.71362],[124.8699,11.71347],[124.86989,11.71331],[124.86973,11.71331],[124.86969,11.71318],[124.8696,11.71318],[124.86955,11.71304],[124.86963,11.71292],[124.86974,11.71288],[124.86973,11.7127],[124.86966,11.71268],[124.86979,11.71252],[124.86986,11.71253],[124.86991,11.71226],[124.87006,11.71216],[124.87002,11.71211],[124.86979,11.71209],[124.86969,11.71199],[124.86965,11.71175],[124.86976,11.71151],[124.86988,11.71143],[124.87,11.71116],[124.87002,11.71104],[124.8701,11.71098],[124.87014,11.71085],[124.87022,11.71076],[124.8704,11.71049],[124.87043,11.71034],[124.8705,11.71034],[124.87095,11.71003],[124.87109,11.71],[124.87121,11.7098],[124.87131,11.70974],[124.87133,11.70953],[124.87146,11.70949],[124.87157,11.70926],[124.87156,11.7091],[124.87165,11.70904],[124.87171,11.70887],[124.8717,11.70878],[124.87177,11.70858],[124.87182,11.70858],[124.87202,11.70828],[124.87199,11.7082],[124.87184,11.70807],[124.872,11.70795],[124.87199,11.70784],[124.87219,11.70764],[124.87218,11.70756],[124.87243,11.70742],[124.87257,11.70724],[124.87283,11.70714],[124.87288,11.707],[124.87318,11.70701],[124.87339,11.70692],[124.87351,11.70682],[124.87361,11.70667],[124.87391,11.70601],[124.87404,11.70596],[124.87427,11.70563],[124.87438,11.70535],[124.87448,11.70527],[124.87454,11.70504],[124.87442,11.705],[124.87451,11.70487],[124.87463,11.70486],[124.87468,11.70469],[124.87478,11.70465],[124.87484,11.70444],[124.87473,11.70436],[124.87482,11.7042],[124.87511,11.70412],[124.87534,11.70417],[124.87556,11.70416],[124.87592,11.70404],[124.87625,11.70404],[124.87651,11.70409],[124.87664,11.70408],[124.87717,11.70446],[124.87748,11.70462],[124.87753,11.70474],[124.87793,11.70494],[124.8782,11.70499],[124.87849,11.705],[124.87877,11.70494],[124.87885,11.7048],[124.87904,11.70471],[124.87907,11.70462],[124.87926,11.70453],[124.87931,11.7044],[124.87979,11.70383],[124.8798,11.70373],[124.87994,11.70354],[124.87988,11.7035],[124.88014,11.7032],[124.88027,11.70297],[124.88055,11.70282],[124.88079,11.70265],[124.88087,11.70264],[124.88106,11.70234],[124.88116,11.70229],[124.88126,11.70216],[124.88149,11.70214],[124.88168,11.70198],[124.88176,11.70197],[124.882,11.70178],[124.88195,11.70169],[124.88203,11.70163],[124.88216,11.70133],[124.8823,11.7012],[124.88254,11.70108],[124.88268,11.70086],[124.88268,11.70077],[124.88282,11.70068],[124.88288,11.70058],[124.88292,11.70042],[124.88302,11.70028],[124.88317,11.70025],[124.88331,11.70016],[124.88359,11.6999],[124.88378,11.6998],[124.88384,11.69981],[124.88409,11.69969],[124.88434,11.69952],[124.88478,11.6992],[124.8849,11.69904],[124.88499,11.69877],[124.8852,11.69847],[124.8852,11.69835],[124.88534,11.69809],[124.8855,11.69787],[124.88572,11.69747],[124.88575,11.69737],[124.88608,11.69693],[124.88627,11.69662],[124.88637,11.69641],[124.8864,11.69625],[124.88657,11.69594],[124.88703,11.6956],[124.8873,11.6953],[124.88771,11.695],[124.88794,11.69489],[124.8881,11.69489],[124.88815,11.69504],[124.88811,11.6953],[124.88802,11.69558],[124.88787,11.69585],[124.88789,11.69593],[124.8878,11.6961],[124.8877,11.69618],[124.88769,11.69648],[124.88781,11.6966],[124.88777,11.69675],[124.8876,11.69701],[124.8876,11.6971],[124.88752,11.69728],[124.88741,11.69734],[124.88737,11.69752],[124.88742,11.69759],[124.88723,11.69789],[124.88712,11.69798],[124.88707,11.69824],[124.88697,11.69833],[124.88688,11.69857],[124.88675,11.69872],[124.88666,11.69905],[124.88671,11.69909],[124.88655,11.69932],[124.88652,11.6995],[124.88635,11.69976],[124.88605,11.70011],[124.8859,11.70052],[124.88557,11.7007],[124.88552,11.70083],[124.88536,11.70114],[124.88525,11.70145],[124.88516,11.70154],[124.88519,11.70165],[124.88496,11.70191],[124.88492,11.70208],[124.88479,11.70227],[124.88459,11.70252],[124.88446,11.70259],[124.88437,11.70275],[124.88373,11.70325],[124.88374,11.70335],[124.88363,11.70346],[124.88352,11.70368],[124.88345,11.70389],[124.88318,11.7042],[124.8832,11.70432],[124.88312,11.70448],[124.88293,11.70468],[124.88277,11.70481],[124.88263,11.70504],[124.88247,11.70506],[124.8821,11.70528],[124.88198,11.70532],[124.88164,11.70557],[124.88144,11.70576],[124.8812,11.70586],[124.88095,11.70589],[124.88084,11.706],[124.88077,11.706],[124.88059,11.70626],[124.8805,11.7066],[124.88044,11.70671],[124.88043,11.70684],[124.88037,11.7069],[124.8804,11.707],[124.8803,11.70715],[124.88032,11.70736],[124.88029,11.70757],[124.88006,11.70755],[124.88006,11.70766],[124.87991,11.7078],[124.8798,11.70774],[124.87961,11.70783],[124.87955,11.70794],[124.87941,11.70801],[124.87944,11.7081],[124.87924,11.70824],[124.8791,11.70831],[124.87895,11.70849],[124.8788,11.70851],[124.8788,11.70862],[124.8787,11.70878],[124.87855,11.7089],[124.87847,11.70892],[124.87827,11.70915],[124.8781,11.70921],[124.87794,11.70919],[124.87781,11.70913],[124.87752,11.70912],[124.87724,11.7092],[124.87709,11.70928],[124.87699,11.70924],[124.87696,11.70936],[124.87687,11.70953],[124.87681,11.70983],[124.87662,11.71004],[124.87647,11.70998],[124.8763,11.70999],[124.87625,11.70992],[124.8761,11.70994],[124.87585,11.71005],[124.87567,11.71021],[124.87577,11.7105],[124.87568,11.71065],[124.87563,11.71084],[124.87568,11.711],[124.87564,11.71109],[124.87545,11.7112],[124.8753,11.7111],[124.87511,11.71116],[124.87496,11.71129],[124.87487,11.71151],[124.8749,11.71167],[124.87489,11.71184],[124.87483,11.71197],[124.87485,11.7121],[124.8747,11.71224],[124.87464,11.71255],[124.87443,11.71271],[124.87428,11.71272],[124.87406,11.71292],[124.87382,11.71306],[124.87364,11.71321],[124.87333,11.71336],[124.87321,11.71332],[124.87298,11.71336],[124.87275,11.71356],[124.87264,11.7136],[124.87259,11.71372],[124.87251,11.71376],[124.87233,11.71396],[124.87212,11.71408],[124.87169,11.7142],[124.87153,11.71419],[124.87125,11.71444],[124.87071,11.71478],[124.87055,11.71497],[124.87032,11.71504],[124.86988,11.7151]]]]}},{"type":"Feature","properties":{"name":"Buluan","psgc":"0806005005","area_km2":0.407},"geometry":{"type":"Polygon","coordinates":[[[124.73715,11.82072],[124.73703,11.82061],[124.73709,11.82053],[124.73704,11.82028],[124.73698,11.81929],[124.73703,11.81901],[124.73705,11.81877],[124.73711,11.81861],[124.73729,11.81843],[124.7374,11.81824],[124.73749,11.81818],[124.73777,11.81794],[124.73783,11.81786],[124.73813,11.81756],[124.73817,11.81747],[124.73811,11.81732],[124.73828,11.81711],[124.73843,11.8171],[124.73855,11.81689],[124.73868,11.81614],[124.73871,11.81584],[124.73864,11.81556],[124.73872,11.81546],[124.73879,11.81507],[124.73879,11.81484],[124.7386,11.81462],[124.73851,11.81446],[124.73855,11.81415],[124.73851,11.81395],[124.73842,11.81379],[124.73827,11.81359],[124.73814,11.81327],[124.73818,11.81316],[124.73816,11.81283],[124.73798,11.81232],[124.73785,11.81208],[124.73785,11.81195],[124.73779,11.81183],[124.73779,11.81161],[124.73789,11.81168],[124.73808,11.81148],[124.7382,11.81119],[124.73843,11.81075],[124.73864,11.81021],[124.73869,11.80997],[124.73887,11.80965],[124.73891,11.8094],[124.73927,11.80954],[124.73939,11.8095],[124.73955,11.80937],[124.73982,11.80902],[124.73993,11.80892],[124.7401,11.80887],[124.74025,11.80876],[124.74032,11.80878],[124.74057,11.80922],[124.74065,11.80931],[124.74094,11.80951],[124.74109,11.80971],[124.74114,11.80984],[124.74125,11.80994],[124.74136,11.8101],[124.74156,11.81024],[124.74171,11.81044],[124.74183,11.81051],[124.74194,11.81064],[124.74206,11.81068],[124.74209,11.81084],[124.74208,11.81098],[124.7422,11.81116],[124.74241,11.8114],[124.74252,11.81149],[124.74266,11.81149],[124.74282,11.81163],[124.74283,11.8118],[124.74263,11.81192],[124.74253,11.81205],[124.74251,11.81222],[124.74259,11.81247],[124.74272,11.81271],[124.74284,11.81287],[124.74286,11.81315],[124.74295,11.81321],[124.74303,11.8135],[124.74305,11.81373],[124.74298,11.8139],[124.74294,11.81419],[124.74296,11.81448],[124.74277,11.81439],[124.74251,11.81459],[124.74215,11.8148],[124.74203,11.81483],[124.74137,11.8153],[124.74122,11.81549],[124.74099,11.81589],[124.74069,11.81636],[124.7406,11.81647],[124.74038,11.81685],[124.74028,11.81724],[124.74019,11.81741],[124.74001,11.81767],[124.73972,11.81787],[124.73957,11.8181],[124.73948,11.81833],[124.73934,11.8184],[124.73919,11.8187],[124.73912,11.81886],[124.73891,11.81926],[124.73878,11.81958],[124.73853,11.82002],[124.73835,11.82016],[124.7381,11.82019],[124.73783,11.82027],[124.73759,11.82045],[124.7375,11.82055],[124.73732,11.82057],[124.73721,11.82063],[124.73715,11.82072]]]}},{"type":"Feature","properties":{"name":"Bunuanan","psgc":"0806005006","area_km2":1.093},"geometry":{"type":"Polygon","coordinates":[[[124.8979,11.75423],[124.89804,11.75845],[124.89818,11.76207],[124.8915,11.7598],[124.88702,11.75832],[124.88614,11.75659],[124.88585,11.75666],[124.88567,11.75681],[124.88564,11.75691],[124.88552,11.75702],[124.8854,11.75702],[124.88537,11.75718],[124.88509,11.75724],[124.88475,11.75725],[124.88453,11.75722],[124.88451,11.75712],[124.88456,11.75695],[124.88453,11.75687],[124.88458,11.7567],[124.88471,11.7566],[124.8849,11.75622],[124.88501,11.75613],[124.88513,11.75583],[124.8851,11.75568],[124.88519,11.75568],[124.8852,11.75537],[124.88519,11.75499],[124.88515,11.75457],[124.88519,11.75415],[124.88526,11.75396],[124.88541,11.75375],[124.88571,11.75358],[124.88584,11.75341],[124.88602,11.75349],[124.88637,11.75353],[124.88637,11.75362],[124.88659,11.75373],[124.88655,11.75383],[124.88676,11.75395],[124.88704,11.75401],[124.8871,11.75406],[124.88774,11.75395],[124.88811,11.7538],[124.8882,11.75379],[124.88845,11.75365],[124.88871,11.75353],[124.88879,11.75347],[124.88888,11.75324],[124.88896,11.75332],[124.88921,11.75323],[124.88936,11.7531],[124.88938,11.75297],[124.88956,11.75298],[124.88981,11.75274],[124.88992,11.75261],[124.89009,11.75256],[124.89023,11.75243],[124.89038,11.75222],[124.89072,11.75189],[124.89093,11.75174],[124.89103,11.75161],[124.89113,11.7516],[124.89128,11.75141],[124.89139,11.75131],[124.89157,11.75124],[124.89174,11.75127],[124.89205,11.75115],[124.89229,11.75099],[124.89249,11.75072],[124.89269,11.75074],[124.89276,11.75082],[124.89293,11.75114],[124.89298,11.75118],[124.89338,11.75136],[124.89342,11.75142],[124.89327,11.75165],[124.89321,11.7519],[124.89344,11.75224],[124.89348,11.75238],[124.89362,11.75234],[124.89397,11.75239],[124.89428,11.75268],[124.89428,11.75278],[124.89437,11.75306],[124.89429,11.75329],[124.89433,11.75333],[124.89454,11.75331],[124.89485,11.75323],[124.89499,11.75314],[124.89497,11.75307],[124.89534,11.75299],[124.89559,11.75286],[124.89576,11.7527],[124.89604,11.75259],[124.89626,11.75231],[124.89633,11.75215],[124.89651,11.75204],[124.89667,11.75181],[124.8968,11.75177],[124.89694,11.75178],[124.89713,11.75186],[124.89718,11.75194],[124.89723,11.75243],[124.89722,11.75281],[124.8973,11.75311],[124.89739,11.75325],[124.89739,11.75335],[124.89761,11.75357],[124.89764,11.75375],[124.89773,11.75385],[124.89783,11.75408],[124.89791,11.75414],[124.8979,11.75423]]]}},{"type":"Feature","properties":{"name":"Cabugawan","psgc":"0806005007","area_km2":0.958},"geometry":{"type":"MultiPolygon","coordinates":[[[[124.799,11.79473],[124.79895,11.79482],[124.79878,11.79473],[124.79838,11.79463],[124.79825,11.79465],[124.7981,11.79462],[124.79802,11.79452],[124.7979,11.79452],[124.79772,11.79444],[124.79753,11.79447],[124.79732,11.79438],[124.79739,11.79422],[124.79751,11.79417],[124.79765,11.79406],[124.79787,11.79395],[124.79818,11.7939],[124.7985,11.79409],[124.79863,11.79423],[124.79886,11.79457],[124.799,11.79473]]],[[[124.80611,11.79843],[124.8059,11.7984],[124.80583,11.79829],[124.80564,11.79822],[124.80546,11.79814],[124.80539,11.79805],[124.80521,11.79798],[124.80514,11.79791],[124.80471,11.79777],[124.80451,11.79767],[124.80436,11.79765],[124.80422,11.79758],[124.80394,11.79755],[124.80392,11.79751],[124.80373,11.79745],[124.80355,11.79737],[124.80342,11.79726],[124.80327,11.79721],[124.80285,11.79698],[124.80267,11.79685],[124.80252,11.79678],[124.80209,11.79673],[124.80185,11.79648],[124.80184,11.79639],[124.8017,11.79616],[124.80154,11.79615],[124.80131,11.79599],[124.80157,11.79596],[124.80179,11.79598],[124.80246,11.79587],[124.80269,11.79584],[124.80291,11.79578],[124.80304,11.7957],[124.80323,11.79554],[124.80357,11.79529],[124.80367,11.79524],[124.80389,11.79519],[124.804,11.79535],[124.80407,11.79567],[124.80423,11.79601],[124.80441,11.79623],[124.80464,11.79638],[124.80474,11.79641],[124.80499,11.79657],[124.80527,11.79681],[124.80541,11.79688],[124.80571,11.79698],[124.80594,11.79703],[124.80629,11.79701],[124.80653,11.79711],[124.80654,11.79726],[124.8065,11.79734],[124.8065,11.79757],[124.80653,11.79766],[124.80654,11.79789],[124.80676,11.79831],[124.80662,11.79832],[124.80646,11.79841],[124.80625,11.79844],[124.80611,11.79843]]],[[[124.83684,11.81429],[124.83659,11.81421],[124.83643,11.81431],[124.83633,11.81442],[124.83633,11.8145],[124.83624,11.81462],[124.83608,11.81458],[124.83595,11.81462],[124.83594,11.81451],[124.8358,11.81442],[124.83556,11.81436],[124.83545,11.8142],[124.83515,11.81401],[124.83497,11.81402],[124.83486,11.81386],[124.83475,11.81385],[124.83465,11.81372],[124.83455,11.81373],[124.83451,11.81364],[124.83441,11.81364],[124.83416,11.81342],[124.83393,11.81335],[124.83383,11.81343],[124.83372,11.81337],[124.8336,11.81341],[124.8333,11.81335],[124.83323,11.81341],[124.8331,11.81341],[124.83298,11.81348],[124.83274,11.8133],[124.83266,11.8132],[124.8323,11.81292],[124.83205,11.81275],[124.83183,11.81265],[124.83145,11.81252],[124.83119,11.81239],[124.83095,11.81234],[124.8306,11.81237],[124.8304,11.81233],[124.83032,11.81224],[124.83019,11.81226],[124.83007,11.81232],[124.82989,11.81233],[124.82969,11.81238],[124.82944,11.8124],[124.82924,11.81251],[124.82912,11.81266],[124.82908,11.81281],[124.82897,11.81295],[124.82907,11.81304],[124.82901,11.81315],[124.82891,11.81308],[124.8286,11.81334],[124.82831,11.81346],[124.82791,11.81367],[124.82775,11.81378],[124.82746,11.81388],[124.82734,11.81396],[124.82715,11.81399],[124.82693,11.8141],[124.82674,11.81408],[124.82627,11.81409],[124.8261,11.81416],[124.8257,11.81436],[124.82515,11.81471],[124.82481,11.81488],[124.82454,11.81499],[124.82444,11.81507],[124.8242,11.81515],[124.82412,11.81525],[124.82405,11.8152],[124.82388,11.81519],[124.82366,11.81512],[124.82333,11.81499],[124.82319,11.81497],[124.82294,11.81486],[124.82284,11.81465],[124.82284,11.81456],[124.82274,11.81448],[124.82263,11.81419],[124.8224,11.81405],[124.82231,11.81405],[124.8222,11.81396],[124.82212,11.81399],[124.82199,11.81375],[124.82202,11.81365],[124.82195,11.81335],[124.82187,11.81324],[124.82192,11.81318],[124.82184,11.81301],[124.82184,11.8128],[124.82178,11.81253],[124.82173,11.81245],[124.82169,11.81223],[124.82154,11.81211],[124.82152,11.81203],[124.82136,11.81193],[124.82129,11.8118],[124.8213,11.81169],[124.8211,11.81129],[124.82095,11.81111],[124.82087,11.81106],[124.82085,11.81092],[124.82078,11.81076],[124.82078,11.81064],[124.82088,11.81046],[124.82088,11.81026],[124.82079,11.80993],[124.82072,11.80975],[124.82076,11.80953],[124.82073,11.80934],[124.82089,11.8092],[124.82113,11.80923],[124.82126,11.80919],[124.82146,11.80921],[124.82155,11.80932],[124.82161,11.80953],[124.8217,11.80963],[124.8218,11.80956],[124.82202,11.80954],[124.82212,11.80965],[124.82219,11.80955],[124.8224,11.80974],[124.82257,11.80969],[124.8227,11.80987],[124.8228,11.80984],[124.82298,11.81002],[124.82294,11.81011],[124.82313,11.81014],[124.82321,11.81029],[124.82318,11.81055],[124.82335,11.81102],[124.8234,11.81098],[124.82345,11.81074],[124.8235,11.81066],[124.82366,11.81061],[124.82381,11.81068],[124.82392,11.81057],[124.82374,11.81048],[124.82376,11.81032],[124.824,11.81025],[124.82401,11.8105],[124.82412,11.81069],[124.82417,11.81036],[124.82425,11.81034],[124.82436,11.81044],[124.8244,11.81063],[124.82449,11.81071],[124.82451,11.81087],[124.8245,11.81115],[124.82483,11.81113],[124.82517,11.81092],[124.82521,11.81086],[124.8255,11.81077],[124.82558,11.8107],[124.8258,11.81058],[124.82581,11.81051],[124.82568,11.81029],[124.82557,11.81016],[124.82557,11.8101],[124.82571,11.81],[124.82587,11.81004],[124.82596,11.81018],[124.82605,11.81021],[124.82622,11.81016],[124.82635,11.81004],[124.82639,11.80988],[124.82652,11.80973],[124.82651,11.80965],[124.82662,11.80949],[124.82661,11.80925],[124.82673,11.80921],[124.82671,11.80911],[124.82674,11.80892],[124.8268,11.80887],[124.82678,11.80862],[124.82666,11.80848],[124.82675,11.80834],[124.82671,11.80819],[124.82671,11.80798],[124.82661,11.80789],[124.82664,11.80776],[124.82654,11.80776],[124.82632,11.80746],[124.82624,11.8075],[124.82602,11.80745],[124.82595,11.80729],[124.82601,11.80719],[124.82581,11.80703],[124.8258,11.80679],[124.82575,11.80673],[124.82575,11.80635],[124.8258,11.80629],[124.82579,11.8061],[124.82574,11.80606],[124.82585,11.8058],[124.82579,11.8057],[124.8259,11.80561],[124.82595,11.8055],[124.82605,11.80543],[124.82602,11.80528],[124.82605,11.80519],[124.82617,11.80515],[124.82619,11.80468],[124.82622,11.8045],[124.82615,11.80443],[124.82606,11.80422],[124.826,11.8042],[124.82595,11.80404],[124.82596,11.80396],[124.82587,11.80383],[124.82569,11.80386],[124.8255,11.80382],[124.82539,11.80369],[124.82541,11.80362],[124.82555,11.80343],[124.82551,11.80337],[124.82564,11.80321],[124.82566,11.80297],[124.82572,11.80288],[124.82569,11.80273],[124.82573,11.80254],[124.82567,11.80251],[124.8257,11.80231],[124.82566,11.80216],[124.8257,11.80201],[124.82564,11.8019],[124.82563,11.80178],[124.82582,11.80158],[124.82594,11.80158],[124.82602,11.80152],[124.82613,11.80133],[124.82628,11.80128],[124.82637,11.80121],[124.82657,11.80123],[124.82674,11.80132],[124.82679,11.80128],[124.82696,11.80125],[124.82704,11.80135],[124.82696,11.80145],[124.82699,11.8016],[124.82693,11.8018],[124.82679,11.80189],[124.82693,11.80207],[124.82685,11.80219],[124.8269,11.80225],[124.82686,11.80237],[124.82694,11.80239],[124.82696,11.8026],[124.8269,11.80264],[124.82688,11.80283],[124.827,11.80279],[124.8271,11.80288],[124.82705,11.80298],[124.82721,11.80298],[124.82725,11.80313],[124.82738,11.80315],[124.82763,11.80348],[124.82766,11.80363],[124.82762,11.80372],[124.82773,11.80401],[124.82788,11.80388],[124.82807,11.8041],[124.8285,11.80411],[124.82862,11.80405],[124.82884,11.80418],[124.8308,11.81019],[124.83737,11.8144],[124.83684,11.81429]]],[[[124.81854,11.81845],[124.81848,11.81843],[124.81806,11.81845],[124.81767,11.81836],[124.81752,11.8182],[124.81739,11.81813],[124.81734,11.81797],[124.81725,11.81793],[124.81718,11.81754],[124.81721,11.81739],[124.81739,11.81716],[124.81739,11.8171],[124.81764,11.81705],[124.81783,11.81704],[124.81811,11.81698],[124.81813,11.81688],[124.81828,11.81678],[124.81834,11.81669],[124.81861,11.81661],[124.81889,11.81669],[124.81893,11.81677],[124.81915,11.8168],[124.81928,11.81686],[124.81918,11.81701],[124.81924,11.81759],[124.8192,11.81769],[124.81921,11.81786],[124.81917,11.818],[124.81886,11.81833],[124.81868,11.81843],[124.81854,11.81845]]]]}},{"type":"Feature","properties":{"name":"Cagudalo","psgc":"0806005008","area_km2":6.323},"geometry":{"type":"Polygon","coordinates":[[[124.89058,11.84859],[124.88753,11.86769],[124.88628,11.87524],[124.87837,11.87461],[124.86672,11.8735],[124.87105,11.84728],[124.89058,11.84859]]]}},{"type":"Feature","properties":{"name":"Cagusipan","psgc":"0806005009","area_km2":17.554},"geometry":{"type":"Polygon","coordinates":[[[124.95577,11.87951],[124.95902,11.88509],[124.96921,11.91425],[124.93942,11.91533],[124.92032,11.90926],[124.92115,11.89784],[124.92107,11.89779],[124.92084,11.89744],[124.92075,11.89726],[124.92076,11.89695],[124.92082,11.8968],[124.92108,11.89655],[124.92115,11.8964],[124.92117,11.89624],[124.9213,11.89605],[124.92169,11.89556],[124.9217,11.89527],[124.92176,11.89485],[124.92183,11.89464],[124.92216,11.89449],[124.92238,11.89443],[124.92242,11.89437],[124.92256,11.894],[124.9227,11.89359],[124.92271,11.89332],[124.92278,11.89297],[124.9228,11.89267],[124.92248,11.89218],[124.92239,11.89208],[124.92235,11.89188],[124.92236,11.8917],[124.92232,11.89142],[124.92211,11.89135],[124.92171,11.89138],[124.92148,11.8913],[124.92241,11.87844],[124.93537,11.8783],[124.95577,11.87951]]]}},{"type":"Feature","properties":{"name":"Cagutian","psgc":"0806005011","area_km2":10.426},"geometry":{"type":"Polygon","coordinates":[[[124.92241,11.87844],[124.92148,11.8913],[124.92171,11.89138],[124.92211,11.89135],[124.92232,11.89142],[124.92236,11.8917],[124.92235,11.89188],[124.92239,11.89208],[124.92248,11.89218],[124.9228,11.89267],[124.92278,11.89297],[124.92271,11.89332],[124.9227,11.89359],[124.92256,11.894],[124.92242,11.89437],[124.92238,11.89443],[124.92216,11.89449],[124.92183,11.89464],[124.92176,11.89485],[124.9217,11.89527],[124.92169,11.89556],[124.9213,11.89605],[124.92117,11.89624],[124.92115,11.8964],[124.92108,11.89655],[124.92082,11.8968],[124.92076,11.89695],[124.92075,11.89726],[124.92084,11.89744],[124.92107,11.89779],[124.92115,11.89784],[124.92032,11.90926],[124.91128,11.90319],[124.9004,11.89949],[124.89063,11.89607],[124.88136,11.89262],[124.88516,11.88289],[124.8861,11.87643],[124.91144,11.87819],[124.91359,11.87847],[124.92241,11.87844]]]}},{"type":"Feature","properties":{"name":"Cagutsan","psgc":"0806005012","area_km2":1.102},"geometry":{"type":"Polygon","coordinates":[[[124.68629,11.81638],[124.6863,11.81649],[124.68638,11.81656],[124.68638,11.81672],[124.68646,11.81697],[124.68652,11.81706],[124.68649,11.81716],[124.68678,11.81742],[124.68695,11.81745],[124.68713,11.81742],[124.68738,11.81729],[124.68736,11.81718],[124.68748,11.81719],[124.68747,11.81708],[124.68785,11.81703],[124.68799,11.81709],[124.68805,11.81717],[124.68799,11.81736],[124.68804,11.81753],[124.68814,11.81803],[124.68802,11.81819],[124.68779,11.81826],[124.68754,11.81815],[124.68757,11.81806],[124.68755,11.81776],[124.68719,11.81761],[124.68694,11.81764],[124.68678,11.81775],[124.68662,11.81776],[124.68647,11.81793],[124.68642,11.81807],[124.68626,11.81825],[124.6861,11.81852],[124.68589,11.81866],[124.68546,11.81881],[124.68526,11.81884],[124.68514,11.81879],[124.68503,11.81864],[124.68469,11.81862],[124.68432,11.81874],[124.68393,11.8189],[124.68347,11.8191],[124.6834,11.81928],[124.68309,11.81917],[124.68302,11.81925],[124.68307,11.81947],[124.68313,11.81958],[124.68324,11.81993],[124.68329,11.81999],[124.6835,11.82009],[124.68367,11.8202],[124.68382,11.82019],[124.6841,11.82045],[124.68421,11.82045],[124.68433,11.8206],[124.6843,11.82071],[124.68418,11.82081],[124.68403,11.82087],[124.68384,11.82104],[124.68367,11.82114],[124.68323,11.82124],[124.68309,11.82135],[124.68299,11.82131],[124.68289,11.82145],[124.6829,11.82152],[124.68256,11.82171],[124.68255,11.82186],[124.68238,11.82191],[124.68238,11.82213],[124.68244,11.82225],[124.68239,11.82231],[124.68225,11.82226],[124.68228,11.8224],[124.68222,11.82253],[124.68233,11.82271],[124.6824,11.82295],[124.68264,11.82307],[124.68285,11.82303],[124.68311,11.82302],[124.68353,11.82314],[124.68372,11.82328],[124.68378,11.82326],[124.68421,11.82348],[124.68435,11.82347],[124.68476,11.82359],[124.6849,11.82359],[124.68498,11.82365],[124.6851,11.82363],[124.68546,11.8237],[124.68558,11.82377],[124.68574,11.8238],[124.6858,11.82388],[124.68594,11.82384],[124.68603,11.82393],[124.68619,11.82387],[124.68641,11.82401],[124.68653,11.824],[124.6867,11.82391],[124.68685,11.82392],[124.687,11.82385],[124.68707,11.82374],[124.68724,11.82378],[124.68714,11.82354],[124.68694,11.82333],[124.68687,11.82318],[124.6869,11.82305],[124.68701,11.82297],[124.68723,11.82298],[124.68737,11.82305],[124.68751,11.82307],[124.68761,11.8232],[124.68773,11.8232],[124.68783,11.82328],[124.68798,11.82325],[124.68808,11.82308],[124.68826,11.82313],[124.68835,11.82323],[124.68862,11.82333],[124.68876,11.82349],[124.68872,11.82364],[124.68873,11.82376],[124.68858,11.82393],[124.68843,11.82397],[124.68826,11.82413],[124.68819,11.82434],[124.68819,11.82454],[124.68825,11.8246],[124.68824,11.82473],[124.6883,11.82505],[124.68838,11.82531],[124.68843,11.82539],[124.68874,11.82559],[124.68898,11.82592],[124.68918,11.82634],[124.68955,11.82665],[124.68967,11.8268],[124.68981,11.82691],[124.68993,11.82715],[124.68992,11.82751],[124.68998,11.82759],[124.68998,11.82772],[124.68987,11.82785],[124.68988,11.82795],[124.69001,11.82797],[124.69008,11.82811],[124.68999,11.82829],[124.6898,11.82809],[124.68979,11.82795],[124.68955,11.8278],[124.68945,11.82768],[124.68945,11.82758],[124.68926,11.82742],[124.68898,11.82726],[124.68842,11.82703],[124.68808,11.82695],[124.6877,11.82694],[124.68724,11.82706],[124.68696,11.82719],[124.68647,11.82751],[124.68606,11.82791],[124.68589,11.82815],[124.68574,11.82826],[124.68567,11.82836],[124.68537,11.82864],[124.68505,11.82902],[124.68513,11.8293],[124.685,11.82948],[124.6849,11.82946],[124.68477,11.82957],[124.68463,11.82953],[124.68442,11.8296],[124.68424,11.82969],[124.68409,11.82987],[124.68392,11.83012],[124.68398,11.8302],[124.68398,11.83037],[124.68384,11.8304],[124.68357,11.83035],[124.68341,11.83021],[124.6832,11.83007],[124.683,11.83014],[124.68273,11.82992],[124.68281,11.82982],[124.68277,11.82973],[124.6829,11.82932],[124.68275,11.82935],[124.68256,11.82931],[124.68243,11.82914],[124.68231,11.82911],[124.68239,11.82891],[124.68251,11.82897],[124.6827,11.82914],[124.68274,11.82906],[124.68263,11.82897],[124.6826,11.82887],[124.68266,11.82876],[124.68277,11.82879],[124.68278,11.82843],[124.68292,11.82841],[124.68293,11.82824],[124.68291,11.82782],[124.68282,11.82734],[124.68245,11.82673],[124.68218,11.82645],[124.68185,11.8263],[124.68175,11.82619],[124.6817,11.82629],[124.68158,11.8263],[124.68151,11.8261],[124.68138,11.82616],[124.68129,11.82607],[124.68102,11.82603],[124.681,11.82593],[124.68106,11.82581],[124.68085,11.8258],[124.68079,11.82568],[124.68065,11.82574],[124.68048,11.8256],[124.68043,11.82561],[124.68029,11.82585],[124.68002,11.82573],[124.68,11.82551],[124.67991,11.82549],[124.67962,11.82556],[124.67952,11.82544],[124.67925,11.82538],[124.67918,11.82526],[124.6791,11.82525],[124.67908,11.82539],[124.67895,11.82542],[124.67878,11.82529],[124.67873,11.82514],[124.67858,11.82516],[124.67839,11.82491],[124.67819,11.82474],[124.67798,11.82478],[124.67757,11.82463],[124.67736,11.82448],[124.67711,11.82419],[124.67696,11.82413],[124.67673,11.82412],[124.67655,11.82401],[124.67639,11.82403],[124.67632,11.82389],[124.67618,11.82387],[124.67582,11.82372],[124.67567,11.82374],[124.67549,11.82364],[124.67547,11.82351],[124.67552,11.82339],[124.67565,11.82335],[124.67578,11.82308],[124.67596,11.82282],[124.67576,11.82261],[124.6754,11.8223],[124.67527,11.82235],[124.67519,11.82229],[124.67515,11.82212],[124.67494,11.82203],[124.67483,11.82208],[124.67485,11.82217],[124.67465,11.82223],[124.67455,11.82214],[124.67446,11.82216],[124.67426,11.82209],[124.67416,11.82222],[124.6741,11.82214],[124.67415,11.822],[124.67407,11.82197],[124.67386,11.82213],[124.67375,11.82214],[124.67361,11.82206],[124.67348,11.82208],[124.67327,11.8219],[124.67321,11.82165],[124.67308,11.82163],[124.67303,11.82147],[124.67313,11.82132],[124.67344,11.8213],[124.67361,11.82138],[124.67378,11.82132],[124.67388,11.8214],[124.67404,11.82144],[124.67406,11.82158],[124.67441,11.82152],[124.67453,11.82154],[124.67465,11.82139],[124.67481,11.82133],[124.67487,11.82141],[124.675,11.82139],[124.67521,11.8212],[124.67524,11.82103],[124.67513,11.82097],[124.67503,11.82072],[124.6751,11.82057],[124.67539,11.82052],[124.67551,11.82054],[124.6756,11.82045],[124.67586,11.82049],[124.67589,11.82038],[124.67601,11.82038],[124.67601,11.82014],[124.67594,11.81999],[124.67609,11.81989],[124.67629,11.81981],[124.67626,11.81943],[124.67604,11.8192],[124.67593,11.81913],[124.67592,11.81903],[124.676,11.81889],[124.67609,11.81904],[124.67624,11.81907],[124.67634,11.81922],[124.67646,11.81928],[124.67665,11.81919],[124.67706,11.81916],[124.6772,11.81905],[124.67733,11.81881],[124.67745,11.81864],[124.67748,11.81848],[124.6776,11.81821],[124.67755,11.81814],[124.67758,11.81792],[124.67748,11.81781],[124.6775,11.81764],[124.67757,11.81752],[124.67751,11.81736],[124.67736,11.81729],[124.67733,11.81708],[124.67742,11.81691],[124.67719,11.81673],[124.67715,11.81659],[124.67713,11.81634],[124.67707,11.81624],[124.67714,11.81602],[124.67701,11.81581],[124.677,11.81572],[124.67713,11.81567],[124.67726,11.81571],[124.67726,11.81579],[124.6774,11.81589],[124.67753,11.81584],[124.67762,11.81598],[124.67783,11.81608],[124.67789,11.81621],[124.67799,11.81627],[124.67813,11.81647],[124.67814,11.81659],[124.67825,11.81681],[124.67835,11.8168],[124.67847,11.81668],[124.67855,11.81674],[124.67863,11.81702],[124.67879,11.81729],[124.67893,11.81777],[124.67902,11.81795],[124.67925,11.8182],[124.67951,11.81839],[124.67973,11.81832],[124.67993,11.81836],[124.6801,11.81852],[124.68024,11.81854],[124.68036,11.8186],[124.68066,11.81869],[124.68089,11.81871],[124.68142,11.8188],[124.68176,11.81879],[124.68202,11.81875],[124.68259,11.81858],[124.68275,11.8185],[124.68288,11.81837],[124.68283,11.81827],[124.68317,11.81808],[124.68325,11.81821],[124.6834,11.81819],[124.68361,11.81806],[124.68379,11.8179],[124.68404,11.81756],[124.68424,11.81725],[124.68441,11.81694],[124.68439,11.81683],[124.6845,11.81666],[124.68452,11.81654],[124.68439,11.81621],[124.68428,11.81616],[124.68428,11.81591],[124.68437,11.81573],[124.68629,11.81638]]]}},{"type":"Feature","properties":{"name":"Canhawan Gote","psgc":"0806005013","area_km2":0.349},"geometry":{"type":"Polygon","coordinates":[[[124.72832,11.82832],[124.72813,11.82826],[124.72808,11.82818],[124.72795,11.82815],[124.72769,11.82827],[124.7275,11.82821],[124.72741,11.82812],[124.72739,11.82793],[124.72733,11.8278],[124.72683,11.82743],[124.72664,11.82733],[124.72621,11.82725],[124.72612,11.82731],[124.72597,11.82719],[124.72573,11.82726],[124.7257,11.82737],[124.72558,11.8274],[124.72552,11.82721],[124.72554,11.82708],[124.72547,11.82693],[124.72537,11.82685],[124.72535,11.82669],[124.72523,11.82664],[124.72534,11.82645],[124.72545,11.82639],[124.72556,11.82617],[124.72564,11.82612],[124.72578,11.82589],[124.72585,11.82564],[124.72584,11.8255],[124.72562,11.825],[124.72552,11.8249],[124.72536,11.825],[124.72533,11.82495],[124.72552,11.82487],[124.7255,11.8247],[124.72538,11.82453],[124.72519,11.82433],[124.72496,11.82426],[124.72479,11.82437],[124.72473,11.82428],[124.72474,11.82415],[124.72462,11.82412],[124.7247,11.82382],[124.72466,11.82372],[124.72451,11.82363],[124.72412,11.82353],[124.72413,11.82341],[124.72438,11.82321],[124.72454,11.82321],[124.7248,11.82305],[124.7251,11.82273],[124.72518,11.82254],[124.72532,11.82232],[124.72544,11.82203],[124.72545,11.82173],[124.7254,11.8215],[124.72521,11.82122],[124.72514,11.82102],[124.72523,11.82091],[124.72543,11.82043],[124.72539,11.82031],[124.72548,11.8202],[124.72554,11.81993],[124.72564,11.81981],[124.72593,11.81978],[124.72608,11.8199],[124.72623,11.81987],[124.7264,11.82004],[124.72652,11.82029],[124.72655,11.82042],[124.7267,11.82062],[124.72691,11.82077],[124.72709,11.82077],[124.72714,11.82086],[124.72729,11.82092],[124.72727,11.82102],[124.72738,11.82116],[124.72748,11.82119],[124.72753,11.82131],[124.72765,11.82137],[124.72802,11.82169],[124.72806,11.82186],[124.728,11.82202],[124.72792,11.82212],[124.72786,11.82236],[124.72794,11.82267],[124.72804,11.82279],[124.72801,11.82293],[124.72804,11.82308],[124.72824,11.82345],[124.72863,11.82385],[124.72891,11.82407],[124.72915,11.82421],[124.7294,11.82421],[124.72945,11.82417],[124.72961,11.82427],[124.72966,11.82439],[124.72978,11.82447],[124.72982,11.82464],[124.72993,11.82489],[124.73006,11.82492],[124.73023,11.82515],[124.73022,11.82528],[124.73045,11.82551],[124.73046,11.82561],[124.73059,11.82577],[124.73064,11.82618],[124.73072,11.8264],[124.73069,11.82652],[124.73076,11.82682],[124.7307,11.82689],[124.73058,11.82744],[124.73048,11.82761],[124.7303,11.82774],[124.73001,11.82788],[124.72983,11.82792],[124.72967,11.8279],[124.72963,11.82798],[124.72924,11.82798],[124.72911,11.82805],[124.72896,11.82809],[124.72864,11.82826],[124.72847,11.82823],[124.72832,11.82832]]]}},{"type":"Feature","properties":{"name":"Canlapwas","psgc":"0806005014","area_km2":0.695},"geometry":{"type":"Polygon","coordinates":[[[124.89233,11.77948],[124.89179,11.78341],[124.89173,11.78358],[124.89163,11.78367],[124.89161,11.78392],[124.89086,11.78386],[124.89058,11.78385],[124.8907,11.78875],[124.88715,11.78723],[124.88596,11.7867],[124.88376,11.78569],[124.88417,11.78366],[124.88422,11.78263],[124.88406,11.78222],[124.88419,11.78194],[124.88452,11.78071],[124.88491,11.77925],[124.88558,11.77937],[124.88566,11.77929],[124.88569,11.77915],[124.88623,11.77917],[124.89233,11.77948]]]}},{"type":"Feature","properties":{"name":"Cawayan","psgc":"0806005015","area_km2":5.176},"geometry":{"type":"Polygon","coordinates":[[[124.91798,11.7731],[124.92146,11.77387],[124.92756,11.78306],[124.92705,11.79278],[124.92606,11.80331],[124.90562,11.80021],[124.90552,11.79708],[124.90604,11.79585],[124.90823,11.79082],[124.91026,11.78761],[124.91237,11.78494],[124.91385,11.78294],[124.91546,11.78074],[124.91713,11.7762],[124.91798,11.7731]]]}},{"type":"Feature","properties":{"name":"Cinco","psgc":"0806005016","area_km2":1.326},"geometry":{"type":"MultiPolygon","coordinates":[[[[124.69235,11.81859],[124.69269,11.81854],[124.69321,11.81876],[124.69366,11.81885],[124.69409,11.81875],[124.69429,11.81866],[124.69451,11.8186],[124.69463,11.81884],[124.69482,11.8189],[124.69493,11.81882],[124.69507,11.81888],[124.69511,11.81907],[124.69507,11.81918],[124.69511,11.81934],[124.6955,11.81999],[124.69565,11.82009],[124.6957,11.82006],[124.69583,11.82014],[124.69597,11.82008],[124.69603,11.82026],[124.69615,11.82041],[124.69624,11.82061],[124.69647,11.82085],[124.69667,11.82102],[124.69685,11.82112],[124.69706,11.8211],[124.69729,11.82096],[124.6976,11.8207],[124.69771,11.82057],[124.69774,11.82048],[124.69785,11.82043],[124.69804,11.82027],[124.69825,11.82029],[124.69838,11.82016],[124.69863,11.82024],[124.6986,11.82034],[124.69876,11.82056],[124.69882,11.82074],[124.69894,11.82083],[124.69889,11.82115],[124.69899,11.82119],[124.6991,11.8214],[124.69907,11.82153],[124.69893,11.82151],[124.69884,11.82172],[124.69876,11.8217],[124.69849,11.82195],[124.69831,11.82207],[124.69819,11.82203],[124.69809,11.82207],[124.69781,11.82229],[124.69752,11.82266],[124.69743,11.82275],[124.69744,11.82288],[124.69754,11.82304],[124.69746,11.82318],[124.6975,11.82329],[124.69767,11.82356],[124.69764,11.8236],[124.69774,11.82384],[124.69799,11.82409],[124.69811,11.82407],[124.69826,11.82415],[124.69841,11.82432],[124.69867,11.82449],[124.69911,11.82458],[124.69926,11.82462],[124.69936,11.82454],[124.69953,11.82457],[124.69962,11.82449],[124.69977,11.82448],[124.70003,11.82439],[124.7004,11.82423],[124.70067,11.82413],[124.70088,11.82413],[124.7012,11.82424],[124.70148,11.82457],[124.7016,11.82464],[124.70161,11.82471],[124.70156,11.82497],[124.70147,11.82519],[124.70139,11.82532],[124.70127,11.82571],[124.70126,11.82596],[124.70116,11.82613],[124.70113,11.82636],[124.70112,11.82669],[124.70103,11.82721],[124.70097,11.82726],[124.70094,11.82746],[124.70086,11.82759],[124.70077,11.82782],[124.70065,11.82788],[124.70047,11.82806],[124.7003,11.82828],[124.70021,11.82844],[124.70023,11.82866],[124.70018,11.82878],[124.70016,11.82896],[124.70022,11.82916],[124.70027,11.82923],[124.70024,11.82935],[124.70029,11.82962],[124.70032,11.8299],[124.70039,11.83005],[124.70053,11.83019],[124.70064,11.8302],[124.70072,11.83037],[124.70086,11.83036],[124.70101,11.83043],[124.7012,11.83034],[124.70132,11.83013],[124.7015,11.83004],[124.70173,11.82985],[124.7019,11.82957],[124.70201,11.82953],[124.70213,11.82938],[124.70218,11.82922],[124.70228,11.82909],[124.70245,11.82897],[124.70256,11.82884],[124.70308,11.82861],[124.70377,11.82848],[124.70393,11.82844],[124.70396,11.82834],[124.70408,11.82821],[124.70423,11.82826],[124.70446,11.82827],[124.70463,11.82817],[124.70467,11.82807],[124.70477,11.82806],[124.70484,11.82797],[124.70497,11.82797],[124.70502,11.82788],[124.70515,11.82786],[124.70525,11.82775],[124.70508,11.82763],[124.70485,11.82754],[124.70479,11.82735],[124.70462,11.82726],[124.70461,11.82718],[124.70448,11.82707],[124.70429,11.82701],[124.70407,11.82682],[124.70394,11.82665],[124.70398,11.82646],[124.70441,11.82619],[124.70453,11.82617],[124.7046,11.8261],[124.70481,11.82601],[124.70503,11.82596],[124.70513,11.8259],[124.70541,11.82587],[124.70559,11.82578],[124.70584,11.82577],[124.70625,11.82554],[124.70634,11.82544],[124.70647,11.8254],[124.70676,11.82518],[124.70687,11.82506],[124.70732,11.8247],[124.70756,11.82456],[124.70779,11.8245],[124.70798,11.82457],[124.70822,11.82461],[124.70829,11.82469],[124.70846,11.82477],[124.70864,11.82526],[124.70859,11.82535],[124.70872,11.82547],[124.70862,11.82556],[124.70852,11.82557],[124.70836,11.82585],[124.70795,11.82611],[124.70788,11.82633],[124.70779,11.82645],[124.70774,11.82661],[124.70782,11.82726],[124.70777,11.82748],[124.70769,11.82763],[124.70757,11.82775],[124.70758,11.82793],[124.70765,11.82803],[124.70761,11.82813],[124.70767,11.82825],[124.70752,11.82849],[124.70747,11.82861],[124.7076,11.82898],[124.70777,11.82931],[124.70791,11.82936],[124.70792,11.82944],[124.70818,11.82951],[124.70822,11.82974],[124.70831,11.82985],[124.70817,11.82993],[124.70804,11.83007],[124.70784,11.83008],[124.70753,11.83023],[124.70745,11.83038],[124.70744,11.83063],[124.70748,11.83093],[124.70745,11.83103],[124.70753,11.83138],[124.70746,11.83168],[124.70748,11.83185],[124.70756,11.83206],[124.70769,11.83231],[124.70791,11.83251],[124.70809,11.83251],[124.7082,11.83264],[124.70839,11.83266],[124.70853,11.83275],[124.70863,11.83292],[124.70846,11.83305],[124.70846,11.83313],[124.70835,11.83318],[124.70823,11.83348],[124.70803,11.83368],[124.70799,11.83395],[124.70782,11.83402],[124.70763,11.83402],[124.70748,11.8341],[124.70723,11.83413],[124.70684,11.83427],[124.70648,11.83442],[124.70641,11.83442],[124.70625,11.83453],[124.70587,11.83456],[124.70571,11.83452],[124.70557,11.83459],[124.70552,11.83456],[124.70536,11.83468],[124.70525,11.83462],[124.70514,11.83464],[124.70491,11.83478],[124.70478,11.83494],[124.70469,11.83491],[124.70453,11.83502],[124.70408,11.83511],[124.70379,11.83522],[124.70373,11.8353],[124.70352,11.83529],[124.70349,11.83524],[124.70324,11.8353],[124.70306,11.83538],[124.70268,11.83541],[124.70247,11.83561],[124.70241,11.8356],[124.70204,11.83581],[124.70194,11.83568],[124.70168,11.8357],[124.70157,11.83561],[124.70161,11.83555],[124.70158,11.83521],[124.70186,11.83492],[124.70185,11.83469],[124.70179,11.8345],[124.70183,11.83435],[124.70193,11.83418],[124.70198,11.83398],[124.70193,11.83376],[124.70178,11.8336],[124.70169,11.8334],[124.70156,11.83331],[124.70118,11.8331],[124.70086,11.83298],[124.7006,11.83296],[124.70045,11.83291],[124.70016,11.83289],[124.69989,11.83302],[124.69981,11.83311],[124.69965,11.83321],[124.69958,11.83334],[124.69945,11.83343],[124.69934,11.83364],[124.69908,11.83386],[124.69595,11.82609],[124.69302,11.8201],[124.69235,11.81859]]],[[[124.71737,11.84445],[124.71724,11.84442],[124.717,11.84428],[124.71709,11.84411],[124.71699,11.84395],[124.71685,11.84387],[124.71657,11.84359],[124.71637,11.84361],[124.7162,11.84341],[124.7161,11.84337],[124.7162,11.84321],[124.71635,11.84313],[124.71648,11.84301],[124.71648,11.84293],[124.71668,11.84277],[124.7167,11.84269],[124.71686,11.84255],[124.71719,11.84239],[124.71731,11.84229],[124.71759,11.84222],[124.71783,11.84211],[124.71799,11.84192],[124.7181,11.84192],[124.71838,11.84179],[124.71853,11.84176],[124.71878,11.84162],[124.71905,11.84134],[124.71923,11.84146],[124.71931,11.84159],[124.71952,11.84177],[124.71965,11.84192],[124.71964,11.84207],[124.71944,11.84222],[124.7193,11.84236],[124.71931,11.84249],[124.7192,11.84256],[124.71912,11.84271],[124.7189,11.84273],[124.71885,11.84288],[124.71855,11.84295],[124.71825,11.84309],[124.71813,11.8433],[124.71811,11.84348],[124.71822,11.84358],[124.71827,11.84371],[124.71827,11.84392],[124.71818,11.84397],[124.71822,11.84407],[124.71814,11.84419],[124.71802,11.84426],[124.71785,11.84424],[124.71769,11.8443],[124.71758,11.84443],[124.71737,11.84445]]]]}},{"type":"Feature","properties":{"name":"Darahuway Daco","psgc":"0806005017","area_km2":0.358},"geometry":{"type":"Polygon","coordinates":[[[124.87641,11.74567],[124.87642,11.74554],[124.87651,11.7455],[124.87649,11.74536],[124.87637,11.74537],[124.87636,11.74546],[124.87613,11.74545],[124.87597,11.7454],[124.87594,11.74549],[124.87584,11.74552],[124.87574,11.74546],[124.87542,11.74542],[124.87526,11.74544],[124.87521,11.74553],[124.87507,11.74543],[124.87492,11.74546],[124.87485,11.74539],[124.87473,11.74551],[124.87455,11.74552],[124.87428,11.74548],[124.87411,11.74562],[124.87388,11.74562],[124.87384,11.74556],[124.87363,11.74559],[124.87344,11.7455],[124.87342,11.74529],[124.87331,11.74529],[124.87335,11.74509],[124.87321,11.74506],[124.8732,11.74485],[124.87292,11.74447],[124.87291,11.74421],[124.87296,11.74407],[124.87292,11.74392],[124.87297,11.74373],[124.87288,11.74359],[124.87293,11.74341],[124.87291,11.74327],[124.873,11.74317],[124.87293,11.74298],[124.87295,11.74262],[124.87302,11.74246],[124.87305,11.74217],[124.87313,11.74207],[124.87322,11.74185],[124.8732,11.74149],[124.87323,11.74121],[124.87335,11.74118],[124.87342,11.74133],[124.87349,11.74136],[124.8736,11.74131],[124.87371,11.74117],[124.8739,11.74117],[124.87409,11.74102],[124.87419,11.74103],[124.87429,11.74094],[124.8744,11.74065],[124.87447,11.74036],[124.8746,11.74041],[124.87465,11.74023],[124.87479,11.7399],[124.87493,11.73974],[124.87495,11.73957],[124.87504,11.73943],[124.87506,11.73931],[124.87521,11.73895],[124.87543,11.73886],[124.8756,11.73882],[124.87576,11.73885],[124.87588,11.73865],[124.87587,11.73847],[124.87591,11.73839],[124.87591,11.73815],[124.87584,11.73809],[124.87588,11.73787],[124.876,11.73779],[124.87616,11.73761],[124.8763,11.73736],[124.87643,11.73728],[124.87644,11.73718],[124.87661,11.73685],[124.87667,11.7369],[124.8768,11.7368],[124.87692,11.73676],[124.87705,11.73647],[124.87727,11.73637],[124.87747,11.73641],[124.87764,11.73654],[124.8779,11.73699],[124.87807,11.73748],[124.87815,11.73755],[124.87819,11.73768],[124.87813,11.73786],[124.87804,11.73793],[124.87799,11.73807],[124.87802,11.73835],[124.8779,11.73869],[124.87796,11.73876],[124.87793,11.73891],[124.8779,11.73944],[124.8778,11.73971],[124.87781,11.73988],[124.87775,11.74018],[124.87784,11.74026],[124.87789,11.74055],[124.87789,11.7407],[124.87785,11.74092],[124.87796,11.74113],[124.87795,11.74125],[124.87783,11.74137],[124.87779,11.74147],[124.87779,11.74175],[124.87773,11.7419],[124.87775,11.74207],[124.8776,11.7422],[124.87754,11.74229],[124.87755,11.74246],[124.87749,11.74255],[124.8775,11.74283],[124.87731,11.74317],[124.87734,11.74336],[124.8771,11.74386],[124.87712,11.74401],[124.87701,11.7442],[124.87693,11.74442],[124.87696,11.74463],[124.87679,11.74458],[124.87684,11.74472],[124.87676,11.74506],[124.87683,11.74517],[124.87677,11.74532],[124.87684,11.74539],[124.87662,11.74546],[124.8766,11.74551],[124.87641,11.74567]]]}},{"type":"Feature","properties":{"name":"Darahuway Gote","psgc":"0806005018","area_km2":0.109},"geometry":{"type":"Polygon","coordinates":[[[124.86938,11.75105],[124.86929,11.75094],[124.86932,11.75082],[124.86926,11.75075],[124.86929,11.75063],[124.86925,11.75039],[124.86913,11.75032],[124.86927,11.75013],[124.86938,11.75011],[124.86942,11.75003],[124.86942,11.74987],[124.86956,11.74988],[124.86954,11.7497],[124.86962,11.74961],[124.8697,11.74966],[124.86977,11.74928],[124.86984,11.74924],[124.86985,11.74911],[124.86992,11.7489],[124.8699,11.74874],[124.86996,11.74861],[124.87005,11.74861],[124.87023,11.74839],[124.87014,11.74825],[124.87025,11.74817],[124.87032,11.74805],[124.87061,11.74797],[124.87062,11.74784],[124.87053,11.74774],[124.87048,11.74748],[124.8707,11.74724],[124.87071,11.74714],[124.87086,11.74719],[124.87098,11.74708],[124.87107,11.74692],[124.87124,11.7469],[124.87131,11.74682],[124.87151,11.74675],[124.87166,11.74677],[124.87178,11.74669],[124.87187,11.74677],[124.8721,11.74682],[124.87217,11.74673],[124.87229,11.74671],[124.87246,11.74677],[124.87247,11.7469],[124.8726,11.74712],[124.87256,11.74731],[124.87236,11.74758],[124.8724,11.74781],[124.87233,11.74789],[124.87223,11.74811],[124.87227,11.74829],[124.87224,11.74857],[124.87218,11.74862],[124.87218,11.74877],[124.87224,11.74911],[124.87235,11.74921],[124.87241,11.74934],[124.87226,11.74937],[124.87232,11.7496],[124.87231,11.74985],[124.87218,11.75028],[124.87206,11.75046],[124.87187,11.75061],[124.87176,11.75063],[124.87178,11.75077],[124.87149,11.75077],[124.87133,11.75073],[124.87128,11.75065],[124.8711,11.75073],[124.87086,11.75075],[124.87079,11.75062],[124.87066,11.75061],[124.87053,11.75067],[124.87047,11.75076],[124.87024,11.75082],[124.87017,11.75086],[124.86987,11.75078],[124.86963,11.75091],[124.86942,11.75098],[124.86938,11.75105]]]}},{"type":"Feature","properties":{"name":"Estaka","psgc":"0806005019","area_km2":0.509},"geometry":{"type":"Polygon","coordinates":[[[124.82975,11.80161],[124.83026,11.80102],[124.8306,11.80028],[124.83073,11.80017],[124.83069,11.80005],[124.83088,11.79952],[124.83095,11.79922],[124.83095,11.79888],[124.8309,11.7987],[124.8309,11.79814],[124.83086,11.79812],[124.83086,11.79776],[124.83077,11.79751],[124.83072,11.79723],[124.8306,11.79716],[124.83066,11.79703],[124.83052,11.79692],[124.83047,11.79676],[124.83033,11.79677],[124.83028,11.79665],[124.83018,11.79664],[124.83002,11.79652],[124.82992,11.79658],[124.82974,11.79645],[124.82955,11.79642],[124.82942,11.79632],[124.82911,11.7963],[124.82901,11.79624],[124.82887,11.79624],[124.8287,11.7961],[124.8287,11.79583],[124.82895,11.7955],[124.8292,11.79533],[124.82944,11.79531],[124.82963,11.79525],[124.82971,11.79527],[124.82987,11.7952],[124.83006,11.7952],[124.83024,11.79538],[124.83035,11.79556],[124.83057,11.79564],[124.83067,11.79576],[124.83086,11.79584],[124.83132,11.79587],[124.83158,11.79586],[124.83199,11.79582],[124.83262,11.79565],[124.83296,11.79552],[124.83315,11.79552],[124.83345,11.79539],[124.83356,11.79544],[124.83365,11.79536],[124.83364,11.79526],[124.83379,11.79525],[124.83396,11.79517],[124.83401,11.79508],[124.83418,11.79502],[124.83434,11.79487],[124.83456,11.79486],[124.83465,11.79495],[124.83473,11.79519],[124.83479,11.79529],[124.83484,11.7956],[124.83491,11.79571],[124.83496,11.79594],[124.83497,11.79617],[124.83504,11.79639],[124.83511,11.79675],[124.83521,11.79702],[124.83525,11.7973],[124.83537,11.79783],[124.83541,11.7981],[124.83546,11.79819],[124.83543,11.7984],[124.83562,11.79869],[124.83588,11.79893],[124.83631,11.79919],[124.83663,11.79934],[124.83697,11.79945],[124.83709,11.79955],[124.83736,11.79969],[124.83747,11.79981],[124.83773,11.79995],[124.83812,11.80018],[124.83833,11.80035],[124.8384,11.8005],[124.8388,11.80106],[124.83898,11.80128],[124.83968,11.80191],[124.83974,11.80199],[124.83992,11.80234],[124.83998,11.80254],[124.83998,11.80264],[124.82975,11.80161]]]}},{"type":"Feature","properties":{"name":"Guinsorongan","psgc":"0806005020","area_km2":0.862},"geometry":{"type":"Polygon","coordinates":[[[124.89767,11.76493],[124.89506,11.76472],[124.89229,11.76512],[124.89012,11.76549],[124.88728,11.7651],[124.88697,11.7651],[124.88665,11.76518],[124.88639,11.76521],[124.88583,11.76513],[124.88563,11.76504],[124.88542,11.76491],[124.88523,11.7647],[124.88505,11.76472],[124.88431,11.76473],[124.88391,11.76467],[124.88397,11.76477],[124.88384,11.76474],[124.8839,11.76436],[124.88403,11.76438],[124.88433,11.76408],[124.8843,11.76401],[124.88444,11.76389],[124.88454,11.76373],[124.88444,11.76351],[124.88458,11.76339],[124.88451,11.76331],[124.88458,11.76323],[124.88474,11.76322],[124.88483,11.76303],[124.88499,11.76281],[124.88509,11.76275],[124.88515,11.76244],[124.88509,11.7621],[124.88511,11.76171],[124.88505,11.7616],[124.88504,11.76084],[124.88505,11.76044],[124.88502,11.76005],[124.88505,11.75985],[124.88496,11.75978],[124.88499,11.75968],[124.8848,11.75892],[124.88468,11.7588],[124.88474,11.75874],[124.88474,11.75856],[124.88457,11.7581],[124.88455,11.75779],[124.88453,11.75722],[124.88475,11.75725],[124.88509,11.75724],[124.88537,11.75718],[124.8854,11.75702],[124.88552,11.75702],[124.88564,11.75691],[124.88567,11.75681],[124.88585,11.75666],[124.88614,11.75659],[124.88702,11.75832],[124.8915,11.7598],[124.89818,11.76207],[124.89767,11.76493]]]}},{"type":"Feature","properties":{"name":"Iguid","psgc":"0806005021","area_km2":7.549},"geometry":{"type":"Polygon","coordinates":[[[124.87429,11.8298],[124.87105,11.84728],[124.85959,11.84617],[124.83355,11.83673],[124.83061,11.83521],[124.83017,11.83487],[124.82785,11.83368],[124.82786,11.83358],[124.82793,11.83349],[124.8282,11.83334],[124.82835,11.83323],[124.82854,11.83314],[124.8286,11.83316],[124.82889,11.83302],[124.82906,11.83301],[124.82929,11.83305],[124.8295,11.83299],[124.82964,11.83299],[124.82993,11.83308],[124.83007,11.83326],[124.83019,11.83331],[124.83036,11.83329],[124.83043,11.83332],[124.83063,11.83327],[124.83097,11.83328],[124.8312,11.83321],[124.83142,11.83306],[124.83169,11.83281],[124.83194,11.83248],[124.83204,11.83244],[124.83203,11.83234],[124.83212,11.83225],[124.83214,11.83213],[124.83226,11.83206],[124.83234,11.83194],[124.83245,11.83191],[124.83265,11.83168],[124.83274,11.83164],[124.83278,11.83153],[124.83302,11.83156],[124.8331,11.83162],[124.8333,11.83165],[124.83358,11.83157],[124.83399,11.8315],[124.83406,11.83151],[124.83424,11.83138],[124.83439,11.83134],[124.83455,11.83121],[124.83481,11.83112],[124.83525,11.8308],[124.83589,11.83042],[124.83607,11.83021],[124.83616,11.83],[124.83652,11.82946],[124.83663,11.82919],[124.83665,11.82898],[124.83681,11.82884],[124.83676,11.82875],[124.83677,11.82854],[124.83687,11.8285],[124.83682,11.82828],[124.83687,11.82806],[124.83684,11.82782],[124.83685,11.82762],[124.83681,11.82737],[124.83679,11.82692],[124.83674,11.82662],[124.83676,11.82655],[124.83664,11.82648],[124.83655,11.82631],[124.83668,11.82612],[124.83665,11.8258],[124.83655,11.8255],[124.83652,11.82521],[124.83645,11.82516],[124.83636,11.82488],[124.83631,11.82459],[124.83624,11.82448],[124.83625,11.82433],[124.83621,11.82403],[124.83616,11.82352],[124.83609,11.82327],[124.83604,11.82319],[124.83594,11.8232],[124.83585,11.82312],[124.83585,11.82297],[124.8359,11.82297],[124.83585,11.82268],[124.83743,11.82363],[124.83772,11.82382],[124.84676,11.82629],[124.84992,11.82667],[124.85169,11.82667],[124.85336,11.82839],[124.85642,11.82882],[124.85896,11.82852],[124.86037,11.82861],[124.86195,11.82834],[124.87429,11.8298]]]}},{"type":"Feature","properties":{"name":"Lagundi","psgc":"0806005022","area_km2":2.506},"geometry":{"type":"Polygon","coordinates":[[[124.91271,11.75982],[124.91448,11.76297],[124.91798,11.7731],[124.91126,11.77171],[124.89698,11.76903],[124.8975,11.76602],[124.89767,11.76493],[124.89818,11.76207],[124.89954,11.76144],[124.9008,11.75993],[124.90182,11.75877],[124.90229,11.75851],[124.90368,11.75778],[124.90663,11.75764],[124.90857,11.75866],[124.9099,11.7593],[124.91145,11.75954],[124.91271,11.75982]]]}},{"type":"Feature","properties":{"name":"Libas","psgc":"0806005023","area_km2":9.052},"geometry":{"type":"Polygon","coordinates":[[[124.91316,11.83025],[124.91316,11.8303],[124.91297,11.85064],[124.90124,11.84955],[124.89058,11.84859],[124.87105,11.84728],[124.87429,11.8298],[124.88074,11.83046],[124.89149,11.83041],[124.91316,11.83025]]]}},{"type":"Feature","properties":{"name":"Lobo","psgc":"0806005024","area_km2":6.452},"geometry":{"type":"Polygon","coordinates":[[[124.93456,11.83029],[124.9361,11.83189],[124.94324,11.85066],[124.922,11.85064],[124.91297,11.85064],[124.91316,11.8303],[124.91316,11.83025],[124.93456,11.83029]]]}},{"type":"Feature","properties":{"name":"Manguehay","psgc":"0806005025","area_km2":12.068},"geometry":{"type":"Polygon","coordinates":[[[124.91316,11.83025],[124.89149,11.83041],[124.89517,11.81266],[124.89667,11.80631],[124.89835,11.79901],[124.90003,11.79929],[124.90562,11.80021],[124.92606,11.80331],[124.92658,11.80693],[124.92575,11.8113],[124.93016,11.8198],[124.93256,11.8251],[124.93456,11.83029],[124.91316,11.83025]]]}},{"type":"Feature","properties":{"name":"Maulong","psgc":"0806005026","area_km2":4.773},"geometry":{"type":"Polygon","coordinates":[[[124.89835,11.79901],[124.89667,11.80631],[124.88706,11.80474],[124.86446,11.79928],[124.86385,11.79914],[124.86386,11.79887],[124.86397,11.79863],[124.86411,11.79857],[124.86409,11.79849],[124.86419,11.79835],[124.86419,11.79827],[124.86432,11.79814],[124.86442,11.7981],[124.86447,11.79822],[124.86457,11.79818],[124.8647,11.79822],[124.86489,11.79823],[124.86498,11.79817],[124.86511,11.798],[124.86526,11.79761],[124.86525,11.79749],[124.86532,11.79739],[124.86536,11.79721],[124.86535,11.79699],[124.86541,11.79693],[124.8654,11.79674],[124.86545,11.79656],[124.86544,11.79638],[124.8655,11.7963],[124.86549,11.79615],[124.86565,11.79579],[124.86568,11.7956],[124.8655,11.79559],[124.86569,11.79542],[124.86562,11.79528],[124.86589,11.79504],[124.86585,11.79492],[124.86577,11.79454],[124.86571,11.79451],[124.86554,11.79461],[124.86545,11.79461],[124.86533,11.79451],[124.86532,11.79429],[124.8654,11.79414],[124.86552,11.79404],[124.86572,11.79405],[124.86577,11.7938],[124.86597,11.79359],[124.86584,11.79356],[124.86583,11.79337],[124.8656,11.79341],[124.86557,11.79313],[124.86582,11.79307],[124.86579,11.793],[124.86596,11.79288],[124.86611,11.79285],[124.86608,11.79277],[124.86596,11.79273],[124.86591,11.7925],[124.86599,11.7923],[124.86598,11.79224],[124.86576,11.79225],[124.86579,11.79206],[124.86598,11.79214],[124.86588,11.79194],[124.86597,11.79179],[124.86582,11.79181],[124.86585,11.7915],[124.86573,11.79146],[124.86576,11.79138],[124.86566,11.79123],[124.8655,11.79143],[124.86538,11.79143],[124.86528,11.79133],[124.86527,11.79123],[124.86559,11.79107],[124.86548,11.79096],[124.86531,11.79095],[124.86526,11.79083],[124.86516,11.79086],[124.86499,11.79102],[124.86495,11.7909],[124.86499,11.79077],[124.86514,11.79065],[124.86499,11.79042],[124.86513,11.79031],[124.86499,11.79008],[124.865,11.78997],[124.86486,11.78999],[124.86476,11.7899],[124.86467,11.7899],[124.86466,11.79008],[124.86455,11.7903],[124.8644,11.79029],[124.86436,11.79043],[124.86423,11.79039],[124.86422,11.79022],[124.86405,11.79027],[124.864,11.79006],[124.86377,11.79008],[124.86359,11.79014],[124.86353,11.79007],[124.86326,11.79012],[124.86328,11.7902],[124.86308,11.79031],[124.86283,11.79025],[124.86279,11.79034],[124.86267,11.79034],[124.86255,11.79048],[124.86234,11.79064],[124.86196,11.79081],[124.8619,11.79079],[124.86169,11.79085],[124.86144,11.79078],[124.86109,11.79096],[124.86075,11.79105],[124.86057,11.79099],[124.86043,11.79104],[124.86012,11.79095],[124.85996,11.791],[124.85983,11.79114],[124.85962,11.7913],[124.85957,11.79144],[124.85934,11.7918],[124.85914,11.79184],[124.8589,11.792],[124.85874,11.79193],[124.85865,11.79194],[124.85856,11.79184],[124.85837,11.79191],[124.85829,11.7919],[124.8582,11.79197],[124.85813,11.79185],[124.85798,11.79175],[124.8579,11.79174],[124.8578,11.7913],[124.85791,11.79124],[124.85789,11.79113],[124.85797,11.79091],[124.85785,11.79074],[124.85793,11.7906],[124.85808,11.79054],[124.85819,11.79042],[124.85831,11.79015],[124.85842,11.79012],[124.85844,11.79003],[124.85859,11.78989],[124.85889,11.78954],[124.85897,11.78936],[124.85914,11.78923],[124.85929,11.78896],[124.85957,11.78874],[124.85983,11.7885],[124.86011,11.7882],[124.86034,11.78798],[124.86083,11.78756],[124.861,11.78747],[124.86144,11.78736],[124.86154,11.78736],[124.86181,11.78729],[124.8621,11.78734],[124.86261,11.78736],[124.86271,11.7873],[124.86295,11.78729],[124.86324,11.78718],[124.86364,11.78695],[124.86383,11.78674],[124.86397,11.78663],[124.86441,11.78623],[124.86466,11.78596],[124.86481,11.78576],[124.86479,11.78565],[124.8649,11.78553],[124.86519,11.7853],[124.86531,11.78526],[124.86564,11.78519],[124.86572,11.78508],[124.86581,11.78504],[124.86611,11.78484],[124.86634,11.78472],[124.86648,11.78458],[124.86665,11.78446],[124.86678,11.78451],[124.86692,11.78437],[124.86716,11.78462],[124.868,11.78538],[124.86847,11.7858],[124.871,11.78696],[124.88933,11.79426],[124.88861,11.7972],[124.89835,11.79901]]]}},{"type":"Feature","properties":{"name":"Mercedes","psgc":"0806005027","area_km2":1.668},"geometry":{"type":"Polygon","coordinates":[[[124.8907,11.78875],[124.88999,11.79158],[124.88996,11.79163],[124.88983,11.79216],[124.88979,11.79241],[124.88933,11.79426],[124.871,11.78696],[124.86847,11.7858],[124.868,11.78538],[124.86716,11.78462],[124.86692,11.78437],[124.86708,11.78427],[124.86717,11.78412],[124.86713,11.78403],[124.8672,11.78396],[124.86724,11.78372],[124.86741,11.78355],[124.86738,11.78326],[124.86742,11.78316],[124.86752,11.7831],[124.86764,11.78284],[124.86775,11.78284],[124.86785,11.78252],[124.86797,11.7825],[124.86816,11.78219],[124.86826,11.78209],[124.8687,11.78183],[124.86875,11.78169],[124.86887,11.78159],[124.86904,11.78157],[124.86921,11.78187],[124.86924,11.78202],[124.8691,11.78212],[124.86912,11.78224],[124.86908,11.78235],[124.86917,11.78251],[124.86928,11.78258],[124.86963,11.78272],[124.8697,11.78267],[124.86999,11.78277],[124.87115,11.78322],[124.87092,11.7838],[124.87108,11.78405],[124.871,11.78424],[124.87087,11.78431],[124.87086,11.78442],[124.87101,11.78451],[124.87101,11.78462],[124.87119,11.78482],[124.87137,11.78484],[124.87146,11.78455],[124.87166,11.78459],[124.87176,11.78464],[124.87187,11.78487],[124.87219,11.78494],[124.87225,11.78508],[124.87246,11.78496],[124.87264,11.78495],[124.87274,11.78509],[124.87285,11.78508],[124.87289,11.78499],[124.87318,11.78487],[124.87318,11.78467],[124.87326,11.78462],[124.8732,11.78429],[124.87332,11.78432],[124.87347,11.78427],[124.87358,11.78458],[124.87368,11.78467],[124.87386,11.78459],[124.87381,11.78439],[124.87367,11.78415],[124.87378,11.78409],[124.87405,11.7846],[124.87411,11.78445],[124.87447,11.78434],[124.87462,11.78425],[124.87458,11.78417],[124.87487,11.78397],[124.87505,11.78388],[124.87511,11.78391],[124.87527,11.78386],[124.87544,11.78375],[124.87546,11.78363],[124.87555,11.78356],[124.87525,11.7831],[124.87546,11.78298],[124.87555,11.78311],[124.87576,11.78304],[124.87589,11.78321],[124.87603,11.78314],[124.8762,11.78323],[124.87635,11.78308],[124.87631,11.78299],[124.87647,11.78288],[124.87637,11.78278],[124.87657,11.78264],[124.87664,11.7827],[124.8769,11.78258],[124.87681,11.78251],[124.87688,11.78243],[124.87703,11.78249],[124.87705,11.78238],[124.87715,11.78228],[124.87722,11.78229],[124.8773,11.78219],[124.87739,11.78194],[124.87746,11.78169],[124.87765,11.78169],[124.8777,11.78162],[124.87741,11.78147],[124.87708,11.78126],[124.87723,11.78108],[124.87775,11.78139],[124.87786,11.78128],[124.87766,11.78108],[124.87763,11.78094],[124.87744,11.78085],[124.87759,11.78053],[124.87799,11.78077],[124.87813,11.78078],[124.87823,11.78073],[124.87842,11.78048],[124.8784,11.78036],[124.87851,11.78029],[124.87848,11.78017],[124.87852,11.78006],[124.87861,11.7801],[124.87866,11.77982],[124.87853,11.77978],[124.87876,11.77935],[124.87869,11.77913],[124.87897,11.77892],[124.87915,11.77885],[124.87915,11.77866],[124.87923,11.77864],[124.87929,11.7788],[124.87947,11.77872],[124.8795,11.77862],[124.87966,11.77868],[124.87969,11.77879],[124.87978,11.77887],[124.87985,11.77924],[124.88008,11.77913],[124.88019,11.77931],[124.8802,11.7795],[124.88015,11.77959],[124.88002,11.77965],[124.88005,11.77983],[124.88002,11.78021],[124.88017,11.78027],[124.88033,11.78023],[124.88074,11.78],[124.88112,11.77983],[124.88152,11.77974],[124.88177,11.78031],[124.88184,11.78064],[124.88195,11.78082],[124.88194,11.78145],[124.88184,11.78175],[124.88207,11.78182],[124.88279,11.78186],[124.88268,11.78217],[124.8823,11.78243],[124.88147,11.7851],[124.88376,11.78569],[124.88596,11.7867],[124.88715,11.78723],[124.8907,11.78875]]]}},{"type":"Feature","properties":{"name":"Mombon","psgc":"0806005028","area_km2":1.353},"geometry":{"type":"MultiPolygon","coordinates":[[[[124.6945,11.81303],[124.69439,11.81303],[124.69417,11.81282],[124.69413,11.81265],[124.69427,11.81215],[124.69423,11.81198],[124.69422,11.81176],[124.69425,11.81157],[124.69441,11.81129],[124.69453,11.81122],[124.69479,11.81116],[124.69491,11.8112],[124.69497,11.81136],[124.69497,11.81163],[124.69504,11.8117],[124.69496,11.81204],[124.69507,11.81233],[124.695,11.81244],[124.69503,11.81262],[124.69477,11.81286],[124.69467,11.81288],[124.6945,11.81303]]],[[[124.69136,11.81556],[124.69119,11.81529],[124.691,11.81539],[124.69095,11.81529],[124.69101,11.815],[124.69109,11.81477],[124.69121,11.81462],[124.69134,11.81461],[124.69143,11.81475],[124.69141,11.81506],[124.69128,11.81513],[124.69135,11.8152],[124.69132,11.81531],[124.69136,11.81556]]],[[[124.68437,11.81573],[124.68433,11.81558],[124.68438,11.81551],[124.68435,11.81536],[124.68438,11.8152],[124.68453,11.8151],[124.68463,11.81494],[124.68471,11.81437],[124.68472,11.81419],[124.68478,11.81398],[124.68474,11.81382],[124.68459,11.81358],[124.68464,11.81334],[124.68456,11.81315],[124.68453,11.81298],[124.68434,11.81268],[124.68434,11.81259],[124.68445,11.81247],[124.68432,11.81225],[124.68432,11.81201],[124.68427,11.81174],[124.6842,11.81154],[124.6841,11.81143],[124.68409,11.81134],[124.68396,11.81125],[124.68394,11.81101],[124.68387,11.81072],[124.68367,11.8104],[124.68352,11.80998],[124.68351,11.80986],[124.68359,11.80966],[124.6836,11.80956],[124.68385,11.80913],[124.68385,11.80905],[124.68397,11.80888],[124.68392,11.80862],[124.68386,11.80847],[124.6839,11.80835],[124.68413,11.80825],[124.68415,11.80813],[124.68425,11.80796],[124.68409,11.80781],[124.68425,11.80742],[124.68445,11.80734],[124.68441,11.80724],[124.68445,11.80712],[124.68464,11.80712],[124.68474,11.80695],[124.6849,11.80697],[124.68502,11.80684],[124.68516,11.80675],[124.68528,11.80653],[124.68531,11.8064],[124.68527,11.80618],[124.68532,11.80602],[124.68542,11.80596],[124.68547,11.80584],[124.68562,11.80575],[124.68567,11.80562],[124.68575,11.80523],[124.68572,11.80506],[124.68562,11.80491],[124.68548,11.80493],[124.68531,11.80487],[124.68526,11.80474],[124.68504,11.80469],[124.68536,11.80459],[124.68553,11.80443],[124.68571,11.80439],[124.68582,11.80444],[124.68601,11.80435],[124.68618,11.80423],[124.6863,11.80422],[124.68641,11.80394],[124.68652,11.80387],[124.68666,11.80384],[124.68668,11.80375],[124.68688,11.8035],[124.68697,11.80353],[124.68712,11.80341],[124.68731,11.80291],[124.6874,11.80245],[124.68728,11.80239],[124.68723,11.80227],[124.68744,11.80222],[124.68755,11.80212],[124.68759,11.80201],[124.68744,11.802],[124.68727,11.80171],[124.68737,11.80166],[124.68751,11.8017],[124.68766,11.80168],[124.68788,11.80149],[124.68795,11.80114],[124.68802,11.80099],[124.68824,11.8012],[124.68845,11.80106],[124.68849,11.80123],[124.68869,11.80128],[124.68885,11.80116],[124.68894,11.80114],[124.68913,11.80129],[124.68936,11.8013],[124.68957,11.80122],[124.68995,11.80098],[124.69015,11.80068],[124.69031,11.80076],[124.69054,11.80077],[124.69067,11.80068],[124.69076,11.80056],[124.69094,11.8005],[124.69115,11.80036],[124.6911,11.80021],[124.69122,11.80012],[124.69138,11.80012],[124.69151,11.80018],[124.69163,11.80009],[124.69172,11.79994],[124.69181,11.79988],[124.69208,11.79984],[124.69216,11.79974],[124.69229,11.79982],[124.69246,11.79973],[124.69263,11.79955],[124.69281,11.79917],[124.69284,11.79901],[124.69301,11.79907],[124.69314,11.79889],[124.69347,11.79821],[124.69346,11.7981],[124.69334,11.79802],[124.69332,11.79783],[124.69336,11.79775],[124.69349,11.7977],[124.69367,11.79773],[124.69397,11.79768],[124.69402,11.79771],[124.69421,11.79761],[124.69443,11.79764],[124.69462,11.79743],[124.69462,11.79728],[124.69475,11.79724],[124.69491,11.79727],[124.69514,11.79723],[124.69528,11.79716],[124.69517,11.79703],[124.69534,11.7968],[124.69545,11.79689],[124.69564,11.79687],[124.69572,11.79679],[124.69582,11.79692],[124.69604,11.79671],[124.69635,11.79654],[124.69666,11.79623],[124.69679,11.79612],[124.69674,11.79605],[124.69701,11.79593],[124.69712,11.79615],[124.69723,11.79617],[124.69732,11.79609],[124.69749,11.7962],[124.69759,11.79621],[124.69773,11.79632],[124.69782,11.79632],[124.69814,11.7968],[124.6983,11.79711],[124.69846,11.79768],[124.69851,11.79778],[124.69861,11.79821],[124.69857,11.7987],[124.69853,11.79885],[124.6984,11.79914],[124.69828,11.79934],[124.69821,11.79967],[124.69819,11.79998],[124.69809,11.80021],[124.69814,11.80029],[124.69808,11.80044],[124.69794,11.80049],[124.69786,11.80061],[124.69766,11.80074],[124.69736,11.80086],[124.69711,11.80066],[124.69697,11.80043],[124.69698,11.8002],[124.69688,11.80015],[124.697,11.80005],[124.6968,11.79973],[124.69682,11.7997],[124.69676,11.79943],[124.69661,11.79925],[124.6966,11.79916],[124.69624,11.79885],[124.6961,11.79875],[124.69604,11.79865],[124.69603,11.7985],[124.6959,11.7985],[124.69571,11.79837],[124.69567,11.79849],[124.69553,11.79858],[124.69538,11.79878],[124.6953,11.79893],[124.69521,11.79894],[124.69513,11.79905],[124.69513,11.79931],[124.69504,11.79937],[124.69504,11.79952],[124.69492,11.79959],[124.69496,11.7997],[124.69484,11.79977],[124.6946,11.80001],[124.69449,11.80005],[124.69441,11.80017],[124.69422,11.80038],[124.69427,11.80048],[124.6942,11.80067],[124.69422,11.80088],[124.69414,11.80109],[124.69427,11.80103],[124.6944,11.80106],[124.6945,11.80113],[124.69455,11.80123],[124.69464,11.80117],[124.69471,11.80131],[124.69483,11.80122],[124.69492,11.80139],[124.69516,11.80139],[124.69527,11.80132],[124.69566,11.80131],[124.6957,11.80138],[124.69563,11.8015],[124.69561,11.80165],[124.69567,11.80204],[124.69577,11.80234],[124.69578,11.8026],[124.69569,11.80272],[124.6958,11.80296],[124.69561,11.80333],[124.69559,11.80343],[124.69549,11.80347],[124.69537,11.80363],[124.69487,11.80416],[124.69473,11.80427],[124.69445,11.80459],[124.69447,11.80474],[124.69441,11.80476],[124.69444,11.80513],[124.69443,11.80522],[124.69458,11.80554],[124.69473,11.80573],[124.6948,11.80596],[124.69473,11.80625],[124.69464,11.80632],[124.69458,11.80649],[124.6944,11.80645],[124.69422,11.80648],[124.69414,11.80658],[124.69397,11.80652],[124.69377,11.80648],[124.69354,11.80655],[124.69335,11.80656],[124.69326,11.80651],[124.6931,11.80656],[124.693,11.80643],[124.69288,11.80645],[124.69262,11.80635],[124.6926,11.80646],[124.69264,11.80654],[124.69263,11.8067],[124.69252,11.80675],[124.69262,11.80688],[124.69255,11.80695],[124.69256,11.80705],[124.69275,11.80731],[124.6928,11.80763],[124.69289,11.80794],[124.6929,11.80813],[124.69297,11.80844],[124.69293,11.80885],[124.69294,11.80908],[124.69299,11.80934],[124.69285,11.80947],[124.69264,11.80948],[124.69219,11.80939],[124.69204,11.80921],[124.69197,11.80923],[124.69181,11.8091],[124.69165,11.80904],[124.69139,11.80887],[124.69128,11.80885],[124.69121,11.80876],[124.69103,11.80865],[124.6909,11.80849],[124.6907,11.80843],[124.69055,11.80844],[124.69027,11.80841],[124.69016,11.80837],[124.69,11.80822],[124.68991,11.80809],[124.68975,11.80794],[124.68966,11.8078],[124.68955,11.80795],[124.68944,11.80799],[124.68946,11.80813],[124.68934,11.8081],[124.68931,11.80833],[124.68923,11.80839],[124.68925,11.80861],[124.68919,11.8087],[124.68921,11.80883],[124.68915,11.80894],[124.68924,11.80898],[124.68923,11.80913],[124.68927,11.80924],[124.68926,11.8094],[124.68931,11.80963],[124.68942,11.80978],[124.68934,11.80991],[124.68942,11.81003],[124.68932,11.81018],[124.68932,11.81037],[124.68937,11.81048],[124.68924,11.81057],[124.68912,11.81078],[124.68908,11.81091],[124.68895,11.81111],[124.68877,11.81115],[124.6886,11.81113],[124.68854,11.81119],[124.68841,11.81118],[124.68801,11.81132],[124.68767,11.81139],[124.6876,11.81144],[124.68752,11.81161],[124.68737,11.81162],[124.6871,11.81179],[124.68717,11.81191],[124.68712,11.81199],[124.68693,11.81196],[124.68666,11.81205],[124.68656,11.81215],[124.68659,11.81227],[124.6865,11.81233],[124.68635,11.81262],[124.68627,11.81286],[124.68648,11.81309],[124.68647,11.81316],[124.68666,11.81356],[124.68675,11.81358],[124.68692,11.81395],[124.68705,11.81412],[124.68724,11.81429],[124.68736,11.81438],[124.68746,11.81437],[124.68758,11.81448],[124.68785,11.8146],[124.68802,11.81495],[124.68806,11.81527],[124.68802,11.81555],[124.68795,11.8157],[124.68768,11.81599],[124.68749,11.816],[124.68729,11.81594],[124.68731,11.81573],[124.68712,11.81563],[124.68701,11.81573],[124.68694,11.81563],[124.68671,11.81574],[124.68662,11.8157],[124.68646,11.81585],[124.68637,11.81586],[124.68641,11.81607],[124.68633,11.81611],[124.68629,11.81638],[124.68437,11.81573]]]]}},{"type":"Feature","properties":{"name":"New Mahayag","psgc":"0806005029","area_km2":7.744},"geometry":{"type":"Polygon","coordinates":[[[124.85959,11.84617],[124.85925,11.84918],[124.8552,11.86498],[124.84155,11.86024],[124.83302,11.85761],[124.8248,11.85512],[124.8243,11.85496],[124.82566,11.85115],[124.82612,11.84944],[124.82656,11.84778],[124.8268,11.8469],[124.8271,11.84592],[124.82738,11.84473],[124.82785,11.83368],[124.83017,11.83487],[124.83061,11.83521],[124.83355,11.83673],[124.85959,11.84617]]]}},{"type":"Feature","properties":{"name":"Old Mahayag","psgc":"0806005030","area_km2":2.473},"geometry":{"type":"Polygon","coordinates":[[[124.8243,11.85496],[124.82243,11.86301],[124.81372,11.85039],[124.81098,11.84643],[124.80989,11.84465],[124.80998,11.84451],[124.81026,11.84431],[124.81029,11.84422],[124.8105,11.8441],[124.81061,11.84398],[124.81075,11.84395],[124.81075,11.84387],[124.81095,11.84372],[124.81117,11.8437],[124.81118,11.8438],[124.81132,11.84381],[124.81165,11.84368],[124.81217,11.84308],[124.81224,11.84285],[124.81237,11.84267],[124.81251,11.8424],[124.81251,11.84233],[124.81263,11.84204],[124.81264,11.84194],[124.8128,11.84188],[124.81293,11.84176],[124.81305,11.84158],[124.81322,11.84149],[124.81336,11.84135],[124.81359,11.84125],[124.81362,11.84114],[124.81372,11.84116],[124.81395,11.841],[124.81394,11.84091],[124.81407,11.84087],[124.8141,11.8408],[124.81438,11.84068],[124.81458,11.84066],[124.81482,11.84056],[124.81499,11.84054],[124.81521,11.84065],[124.81533,11.84073],[124.81546,11.84097],[124.81538,11.84111],[124.81523,11.84121],[124.81515,11.84136],[124.81515,11.84205],[124.81517,11.84227],[124.81506,11.84268],[124.81487,11.84285],[124.81462,11.84281],[124.81449,11.84286],[124.8143,11.84308],[124.81425,11.84297],[124.81411,11.84286],[124.81409,11.84297],[124.81392,11.84314],[124.81391,11.84322],[124.81365,11.84349],[124.81345,11.84357],[124.81341,11.84372],[124.81328,11.84371],[124.81314,11.84386],[124.81306,11.84403],[124.81289,11.84412],[124.81279,11.84436],[124.81269,11.84445],[124.81282,11.84453],[124.81292,11.84451],[124.81289,11.84477],[124.813,11.84484],[124.81298,11.84525],[124.8131,11.84535],[124.8132,11.84536],[124.81348,11.84548],[124.81353,11.84559],[124.81366,11.84561],[124.8139,11.84552],[124.81393,11.84561],[124.81402,11.84568],[124.81417,11.84566],[124.81433,11.84569],[124.8144,11.84581],[124.81456,11.84584],[124.81456,11.84567],[124.81483,11.84549],[124.81499,11.8455],[124.81511,11.84557],[124.81531,11.84551],[124.81537,11.84559],[124.8155,11.84558],[124.81557,11.84548],[124.8157,11.8454],[124.81592,11.84535],[124.81605,11.84529],[124.81624,11.8453],[124.81669,11.84525],[124.81699,11.84498],[124.81691,11.84478],[124.81718,11.84476],[124.81717,11.84468],[124.81741,11.8447],[124.8174,11.8449],[124.81744,11.84498],[124.81744,11.84516],[124.81752,11.84521],[124.8175,11.84532],[124.81753,11.84555],[124.8177,11.84571],[124.81786,11.84573],[124.81802,11.84581],[124.81817,11.84584],[124.81838,11.84581],[124.81846,11.84585],[124.81883,11.84589],[124.81892,11.84581],[124.81917,11.84577],[124.81923,11.84571],[124.81935,11.84574],[124.81949,11.84564],[124.81958,11.84565],[124.81987,11.84554],[124.8202,11.84543],[124.82029,11.84547],[124.82062,11.84528],[124.82074,11.84524],[124.82145,11.84484],[124.82156,11.84474],[124.82188,11.84457],[124.82203,11.8444],[124.82253,11.84393],[124.82244,11.84369],[124.82247,11.84365],[124.82237,11.84345],[124.82245,11.84326],[124.82233,11.84316],[124.82231,11.843],[124.8222,11.84285],[124.82205,11.84276],[124.82201,11.84249],[124.82206,11.84243],[124.82199,11.84209],[124.82205,11.84181],[124.82212,11.8418],[124.82232,11.84155],[124.8227,11.84113],[124.82274,11.84103],[124.82289,11.84088],[124.82292,11.84075],[124.82305,11.8406],[124.82311,11.84047],[124.8231,11.84038],[124.82317,11.8403],[124.82311,11.84021],[124.8231,11.84005],[124.8233,11.83973],[124.82336,11.83969],[124.82351,11.8394],[124.8236,11.83919],[124.82375,11.83909],[124.82375,11.83901],[124.82386,11.83884],[124.82388,11.83873],[124.82398,11.83858],[124.82394,11.83845],[124.82409,11.83836],[124.82416,11.83826],[124.82414,11.838],[124.82421,11.83796],[124.82403,11.83762],[124.82416,11.83683],[124.82416,11.83658],[124.82413,11.83647],[124.82417,11.83629],[124.82423,11.83621],[124.82421,11.83587],[124.82435,11.8356],[124.82454,11.83542],[124.825,11.8352],[124.82522,11.83505],[124.82547,11.83479],[124.82574,11.83461],[124.82604,11.83459],[124.82627,11.83465],[124.82649,11.8346],[124.82657,11.83452],[124.8269,11.83447],[124.82714,11.83431],[124.8275,11.83402],[124.82753,11.83395],[124.82786,11.83358],[124.82785,11.83368],[124.82738,11.84473],[124.8271,11.84592],[124.8268,11.8469],[124.82656,11.84778],[124.82612,11.84944],[124.82566,11.85115],[124.8243,11.85496]]]}},{"type":"Feature","properties":{"name":"Palanyogon","psgc":"0806005031","area_km2":5.07},"geometry":{"type":"Polygon","coordinates":[[[124.86672,11.8735],[124.86472,11.88518],[124.86185,11.88181],[124.85358,11.87761],[124.85513,11.86559],[124.8552,11.86498],[124.85925,11.84918],[124.85959,11.84617],[124.87105,11.84728],[124.86672,11.8735]]]}},{"type":"Feature","properties":{"name":"Pangdan","psgc":"0806005032","area_km2":3.527},"geometry":{"type":"Polygon","coordinates":[[[124.9032,11.7491],[124.90326,11.74902],[124.90352,11.74884],[124.90356,11.74874],[124.90373,11.74851],[124.90394,11.74827],[124.90421,11.74791],[124.90438,11.74774],[124.90466,11.7475],[124.90483,11.74738],[124.90497,11.74738],[124.905,11.74711],[124.90498,11.74691],[124.90481,11.7466],[124.90485,11.74628],[124.90499,11.74606],[124.90515,11.7459],[124.90529,11.74568],[124.90543,11.7455],[124.90553,11.74527],[124.90572,11.74507],[124.90587,11.74496],[124.90637,11.7445],[124.90641,11.74439],[124.90655,11.74421],[124.90657,11.74394],[124.90663,11.74385],[124.90682,11.74368],[124.90713,11.7435],[124.90742,11.74329],[124.90766,11.74301],[124.90776,11.74293],[124.90801,11.74265],[124.90844,11.74207],[124.90857,11.7418],[124.9086,11.74167],[124.90853,11.74135],[124.90852,11.74117],[124.90848,11.741],[124.90854,11.74089],[124.90864,11.74083],[124.90892,11.74082],[124.90915,11.74094],[124.90979,11.741],[124.91007,11.74095],[124.91022,11.74103],[124.91059,11.74108],[124.91076,11.74118],[124.91105,11.74124],[124.91134,11.74127],[124.91155,11.7414],[124.91191,11.74149],[124.91218,11.74164],[124.91225,11.74173],[124.91246,11.74185],[124.9127,11.74186],[124.91289,11.74184],[124.91325,11.74189],[124.91337,11.74196],[124.9137,11.74203],[124.91427,11.74213],[124.91463,11.74221],[124.91502,11.74239],[124.91559,11.74272],[124.9158,11.74274],[124.91599,11.74285],[124.91614,11.74303],[124.91632,11.74306],[124.9168,11.74311],[124.91699,11.74311],[124.91715,11.74303],[124.91698,11.7423],[124.917,11.74229],[124.91719,11.74308],[124.91722,11.74305],[124.91767,11.74302],[124.91779,11.74296],[124.91803,11.74292],[124.91799,11.74276],[124.91807,11.74275],[124.91811,11.74291],[124.91826,11.74282],[124.91837,11.74281],[124.91854,11.74297],[124.91872,11.74307],[124.91895,11.74323],[124.91893,11.74344],[124.91878,11.74389],[124.91876,11.74408],[124.91869,11.74418],[124.91866,11.74433],[124.91868,11.7445],[124.91854,11.74487],[124.91862,11.7452],[124.91852,11.74536],[124.91856,11.74559],[124.91857,11.74589],[124.91872,11.74624],[124.9188,11.74636],[124.91885,11.74654],[124.9191,11.74676],[124.91923,11.74695],[124.91926,11.74708],[124.91917,11.74716],[124.91901,11.74739],[124.91887,11.74756],[124.91887,11.74774],[124.91891,11.74786],[124.91891,11.7481],[124.91913,11.74807],[124.91908,11.74782],[124.91918,11.74763],[124.91937,11.7475],[124.91945,11.7474],[124.91963,11.74743],[124.9198,11.7474],[124.91986,11.74728],[124.92003,11.74718],[124.92012,11.74704],[124.92039,11.74699],[124.92056,11.74704],[124.92058,11.74711],[124.9208,11.7472],[124.92117,11.74726],[124.92153,11.74729],[124.92187,11.74726],[124.92188,11.7471],[124.92194,11.74696],[124.92203,11.74696],[124.92215,11.7471],[124.92226,11.74694],[124.92234,11.74677],[124.92257,11.74642],[124.92263,11.74627],[124.92278,11.74625],[124.92288,11.7463],[124.92322,11.74626],[124.92367,11.74642],[124.92379,11.74651],[124.92395,11.74654],[124.92409,11.74664],[124.92433,11.74674],[124.92461,11.74681],[124.92518,11.74717],[124.92525,11.74732],[124.92314,11.75704],[124.92267,11.75728],[124.92253,11.75755],[124.92158,11.75852],[124.91897,11.75904],[124.91726,11.759],[124.91626,11.76],[124.91456,11.76018],[124.91271,11.75982],[124.91145,11.75954],[124.9099,11.7593],[124.90857,11.75866],[124.90663,11.75764],[124.9032,11.7491]]]}},{"type":"Feature","properties":{"name":"Payao","psgc":"0806005033","area_km2":3.372},"geometry":{"type":"Polygon","coordinates":[[[124.89667,11.80631],[124.89517,11.81266],[124.86261,11.80831],[124.8583,11.80734],[124.85732,11.80736],[124.85733,11.80724],[124.85743,11.80706],[124.85755,11.80695],[124.85739,11.80693],[124.85738,11.80669],[124.85731,11.80646],[124.85725,11.80636],[124.85733,11.80621],[124.85745,11.80612],[124.85704,11.80611],[124.85666,11.80578],[124.8565,11.80578],[124.85641,11.80571],[124.85622,11.80568],[124.85606,11.8057],[124.85605,11.80563],[124.85584,11.80567],[124.85562,11.80567],[124.85534,11.80564],[124.85524,11.8057],[124.85512,11.80569],[124.85495,11.80588],[124.85501,11.80595],[124.8549,11.80602],[124.85478,11.80618],[124.85449,11.80661],[124.85437,11.8066],[124.85428,11.80645],[124.85411,11.80648],[124.85404,11.80638],[124.85408,11.80624],[124.85417,11.80617],[124.85412,11.80605],[124.8542,11.80584],[124.85417,11.80568],[124.85418,11.8054],[124.85438,11.80509],[124.85455,11.805],[124.85501,11.80488],[124.8552,11.8049],[124.85536,11.80481],[124.85561,11.8047],[124.85565,11.80466],[124.85564,11.80429],[124.85582,11.80444],[124.85584,11.80472],[124.8559,11.8048],[124.85607,11.80489],[124.8563,11.80488],[124.85642,11.8047],[124.85647,11.80478],[124.85662,11.80483],[124.85678,11.80481],[124.8571,11.80469],[124.85727,11.80456],[124.85746,11.80455],[124.85778,11.80445],[124.85808,11.80431],[124.85815,11.80424],[124.85855,11.80408],[124.85872,11.80405],[124.85903,11.80409],[124.85933,11.80428],[124.85955,11.80434],[124.85969,11.80432],[124.85985,11.80434],[124.85995,11.80416],[124.8601,11.80423],[124.86019,11.80444],[124.86029,11.80436],[124.86048,11.80434],[124.86071,11.80418],[124.86098,11.80406],[124.8613,11.80384],[124.86165,11.80355],[124.86195,11.80321],[124.8619,11.80309],[124.86217,11.80281],[124.86235,11.80278],[124.86268,11.80241],[124.86264,11.80231],[124.86275,11.80216],[124.86298,11.80192],[124.86313,11.80188],[124.86328,11.8019],[124.86325,11.8016],[124.86329,11.80148],[124.86325,11.80135],[124.86318,11.80132],[124.86318,11.80118],[124.86303,11.80091],[124.86314,11.80069],[124.86322,11.80064],[124.86339,11.80028],[124.86335,11.80015],[124.8634,11.80008],[124.86357,11.80002],[124.8637,11.79977],[124.86369,11.79967],[124.86377,11.79956],[124.86385,11.79914],[124.86446,11.79928],[124.88706,11.80474],[124.89667,11.80631]]]}},{"type":"Feature","properties":{"name":"Poblacion 1","psgc":"0806005034","area_km2":0.046},"geometry":{"type":"Polygon","coordinates":[[[124.88152,11.77974],[124.88112,11.77983],[124.88074,11.78],[124.88033,11.78023],[124.88017,11.78027],[124.88002,11.78021],[124.88005,11.77983],[124.88002,11.77965],[124.88015,11.77959],[124.8802,11.7795],[124.88019,11.77931],[124.88008,11.77913],[124.88015,11.77901],[124.88024,11.77865],[124.88027,11.7784],[124.88006,11.77837],[124.88008,11.77799],[124.88004,11.7778],[124.88008,11.77749],[124.88021,11.77753],[124.88023,11.77739],[124.88017,11.77736],[124.88019,11.7771],[124.88054,11.77714],[124.88066,11.7771],[124.88145,11.77721],[124.88115,11.77858],[124.88182,11.77869],[124.88157,11.7795],[124.88159,11.77952],[124.88156,11.77972],[124.88152,11.77974]]]}},{"type":"Feature","properties":{"name":"Poblacion 2","psgc":"0806005035","area_km2":0.032},"geometry":{"type":"Polygon","coordinates":[[[124.88261,11.77881],[124.88225,11.77953],[124.88178,11.77951],[124.88159,11.77952],[124.88157,11.7795],[124.88182,11.77869],[124.88115,11.77858],[124.88145,11.77721],[124.88217,11.77738],[124.88303,11.77758],[124.88287,11.77795],[124.88276,11.77844],[124.88261,11.77881]]]}},{"type":"Feature","properties":{"name":"Poblacion 3","psgc":"0806005036","area_km2":0.071},"geometry":{"type":"Polygon","coordinates":[[[124.88303,11.77758],[124.88217,11.77738],[124.88145,11.77721],[124.88066,11.7771],[124.88054,11.77714],[124.88019,11.7771],[124.88009,11.77705],[124.87948,11.77689],[124.8785,11.77663],[124.8787,11.77664],[124.87872,11.77657],[124.87893,11.77659],[124.87894,11.77652],[124.87881,11.77649],[124.8788,11.7763],[124.87866,11.77628],[124.87875,11.77611],[124.87871,11.77596],[124.87884,11.77592],[124.87879,11.77577],[124.87883,11.7756],[124.87873,11.77557],[124.87882,11.77534],[124.87872,11.77524],[124.87884,11.7752],[124.87938,11.77531],[124.87981,11.77545],[124.8802,11.77559],[124.88152,11.77606],[124.88246,11.77631],[124.88349,11.77653],[124.88303,11.77758]]]}},{"type":"Feature","properties":{"name":"Poblacion 4","psgc":"0806005037","area_km2":0.068},"geometry":{"type":"Polygon","coordinates":[[[124.88393,11.77547],[124.88349,11.77653],[124.88246,11.77631],[124.88152,11.77606],[124.8802,11.77559],[124.87981,11.77545],[124.87938,11.77531],[124.87884,11.7752],[124.87872,11.77524],[124.8775,11.77493],[124.87753,11.77479],[124.87854,11.77504],[124.87847,11.77499],[124.8785,11.77489],[124.87889,11.77499],[124.87912,11.77416],[124.87913,11.7742],[124.87983,11.77436],[124.88101,11.77469],[124.88145,11.77481],[124.88244,11.77514],[124.88279,11.77525],[124.88393,11.77547]]]}},{"type":"Feature","properties":{"name":"Poblacion 5","psgc":"0806005038","area_km2":0.054},"geometry":{"type":"Polygon","coordinates":[[[124.88297,11.77462],[124.88415,11.77492],[124.88466,11.77507],[124.88516,11.77537],[124.88554,11.7755],[124.88561,11.77568],[124.88592,11.77578],[124.88586,11.77599],[124.88517,11.77582],[124.88453,11.77565],[124.88393,11.77547],[124.88279,11.77525],[124.88244,11.77514],[124.88145,11.77481],[124.88101,11.77469],[124.87983,11.77436],[124.87913,11.7742],[124.87912,11.77416],[124.87921,11.77379],[124.87865,11.77363],[124.87867,11.77353],[124.87785,11.77329],[124.87788,11.77317],[124.87907,11.77349],[124.87928,11.77349],[124.87935,11.77317],[124.87944,11.77316],[124.87943,11.77332],[124.87951,11.7734],[124.88039,11.7736],[124.88047,11.77393],[124.88161,11.77427],[124.88297,11.77462]]]}},{"type":"Feature","properties":{"name":"Poblacion 6","psgc":"0806005039","area_km2":0.079},"geometry":{"type":"Polygon","coordinates":[[[124.88375,11.77177],[124.8835,11.77273],[124.8833,11.77343],[124.88297,11.77462],[124.88161,11.77427],[124.88047,11.77393],[124.88039,11.7736],[124.88047,11.77358],[124.88098,11.77167],[124.88102,11.77169],[124.88081,11.77247],[124.88088,11.77262],[124.88086,11.77273],[124.88078,11.77282],[124.88098,11.77288],[124.88114,11.773],[124.88123,11.77285],[124.8813,11.77288],[124.88145,11.77261],[124.88168,11.77265],[124.88166,11.77245],[124.88156,11.77245],[124.88147,11.77233],[124.88151,11.7722],[124.88159,11.77212],[124.88164,11.77196],[124.88186,11.77202],[124.88185,11.77186],[124.88191,11.77173],[124.88184,11.77164],[124.88188,11.7715],[124.8823,11.7715],[124.8835,11.77172],[124.88375,11.77177]]]}},{"type":"Feature","properties":{"name":"Poblacion 7","psgc":"0806005040","area_km2":0.115},"geometry":{"type":"Polygon","coordinates":[[[124.88724,11.77395],[124.88677,11.77422],[124.88658,11.77453],[124.88663,11.77465],[124.88667,11.77487],[124.8869,11.77511],[124.88695,11.77524],[124.88694,11.7755],[124.88682,11.77594],[124.88665,11.77611],[124.88647,11.77616],[124.88621,11.77608],[124.88586,11.77599],[124.88592,11.77578],[124.88561,11.77568],[124.88554,11.7755],[124.88516,11.77537],[124.88466,11.77507],[124.88415,11.77492],[124.88297,11.77462],[124.8833,11.77343],[124.8835,11.77273],[124.88375,11.77177],[124.88501,11.77225],[124.88486,11.77292],[124.88558,11.77316],[124.8868,11.7736],[124.88724,11.77395]]]}},{"type":"Feature","properties":{"name":"Poblacion 8","psgc":"0806005041","area_km2":0.044},"geometry":{"type":"Polygon","coordinates":[[[124.88414,11.76999],[124.88428,11.77046],[124.88424,11.77096],[124.88413,11.77123],[124.88398,11.77146],[124.88375,11.77177],[124.8835,11.77172],[124.8823,11.7715],[124.88188,11.7715],[124.8819,11.77133],[124.882,11.77098],[124.88199,11.77073],[124.88211,11.77074],[124.88204,11.77059],[124.88212,11.77045],[124.88224,11.77046],[124.88223,11.77026],[124.88228,11.77014],[124.8823,11.76994],[124.8824,11.76989],[124.88239,11.76976],[124.88255,11.76977],[124.88414,11.76999]]]}},{"type":"Feature","properties":{"name":"Poblacion 9","psgc":"0806005042","area_km2":0.3},"geometry":{"type":"Polygon","coordinates":[[[124.8869,11.76816],[124.8869,11.76816],[124.88414,11.76999],[124.88255,11.76977],[124.88239,11.76976],[124.88243,11.76953],[124.88194,11.76947],[124.88191,11.76935],[124.88197,11.76926],[124.88224,11.7693],[124.88227,11.76907],[124.88219,11.76905],[124.88214,11.76924],[124.88204,11.76923],[124.88207,11.7691],[124.88199,11.76908],[124.88203,11.76888],[124.88222,11.76885],[124.88223,11.76878],[124.88238,11.76878],[124.88239,11.76871],[124.88261,11.76875],[124.88267,11.76856],[124.88214,11.7685],[124.88217,11.76831],[124.88225,11.76819],[124.88248,11.76823],[124.88253,11.76815],[124.88223,11.76812],[124.88231,11.76798],[124.88231,11.76769],[124.88225,11.76758],[124.88276,11.76766],[124.88284,11.76755],[124.88244,11.76752],[124.88255,11.76733],[124.88285,11.76734],[124.88293,11.76737],[124.88298,11.7671],[124.88271,11.76701],[124.88279,11.76691],[124.88293,11.76658],[124.88333,11.76685],[124.88344,11.76671],[124.88366,11.76654],[124.88375,11.76643],[124.8835,11.76632],[124.88359,11.76609],[124.88392,11.76618],[124.88395,11.76603],[124.88392,11.76593],[124.88402,11.76572],[124.88409,11.76565],[124.88417,11.76523],[124.88411,11.7652],[124.88417,11.76488],[124.88415,11.7648],[124.88397,11.76477],[124.88391,11.76467],[124.88431,11.76473],[124.88505,11.76472],[124.88523,11.7647],[124.88542,11.76491],[124.88563,11.76504],[124.88583,11.76513],[124.88639,11.76521],[124.88665,11.76518],[124.88697,11.7651],[124.88728,11.7651],[124.89012,11.76549],[124.88977,11.76744],[124.8869,11.76816]]]}},{"type":"Feature","properties":{"name":"Poblacion 10","psgc":"0806005043","area_km2":0.045},"geometry":{"type":"Polygon","coordinates":[[[124.88569,11.77915],[124.88566,11.77929],[124.88558,11.77937],[124.88491,11.77925],[124.88409,11.77911],[124.88356,11.779],[124.88261,11.77881],[124.88276,11.77844],[124.88287,11.77795],[124.88303,11.77758],[124.88359,11.77771],[124.88433,11.77786],[124.88519,11.77806],[124.88588,11.77818],[124.88578,11.77865],[124.88569,11.77915]]]}},{"type":"Feature","properties":{"name":"Poblacion 11","psgc":"0806005044","area_km2":0.037},"geometry":{"type":"Polygon","coordinates":[[[124.88609,11.77715],[124.88588,11.77818],[124.88519,11.77806],[124.88433,11.77786],[124.88359,11.77771],[124.88303,11.77758],[124.88349,11.77653],[124.88433,11.77671],[124.885,11.77691],[124.88551,11.77704],[124.88609,11.77715]]]}},{"type":"Feature","properties":{"name":"Poblacion 12","psgc":"0806005045","area_km2":0.034},"geometry":{"type":"Polygon","coordinates":[[[124.88621,11.77608],[124.88626,11.7762],[124.88627,11.77634],[124.88621,11.77655],[124.88609,11.77715],[124.88551,11.77704],[124.885,11.77691],[124.88433,11.77671],[124.88349,11.77653],[124.88393,11.77547],[124.88453,11.77565],[124.88517,11.77582],[124.88586,11.77599],[124.88621,11.77608]]]}},{"type":"Feature","properties":{"name":"Poblacion 13","psgc":"0806005046","area_km2":0.392},"geometry":{"type":"Polygon","coordinates":[[[124.89261,11.77436],[124.89256,11.77691],[124.89243,11.7785],[124.89233,11.77948],[124.88623,11.77917],[124.88569,11.77915],[124.88578,11.77865],[124.88588,11.77818],[124.88609,11.77715],[124.88621,11.77655],[124.88627,11.77634],[124.88626,11.7762],[124.88621,11.77608],[124.88647,11.77616],[124.88665,11.77611],[124.88682,11.77594],[124.88694,11.7755],[124.88695,11.77524],[124.8869,11.77511],[124.88667,11.77487],[124.88663,11.77465],[124.88658,11.77453],[124.88677,11.77422],[124.88724,11.77395],[124.88757,11.77387],[124.88774,11.7739],[124.88845,11.77383],[124.8888,11.77399],[124.88902,11.77405],[124.88919,11.77406],[124.89261,11.77436]]]}},{"type":"Feature","properties":{"name":"Muñoz","psgc":"0806005047","area_km2":0.137},"geometry":{"type":"Polygon","coordinates":[[[124.88491,11.77925],[124.88452,11.78071],[124.88419,11.78194],[124.88406,11.78222],[124.88422,11.78263],[124.88417,11.78366],[124.88376,11.78569],[124.88147,11.7851],[124.8823,11.78243],[124.88268,11.78217],[124.88279,11.78186],[124.88356,11.779],[124.88409,11.77911],[124.88491,11.77925]]]}},{"type":"Feature","properties":{"name":"Pupua","psgc":"0806005048","area_km2":9.548},"geometry":{"type":"Polygon","coordinates":[[[124.89149,11.83041],[124.88074,11.83046],[124.87429,11.8298],[124.86195,11.82834],[124.86037,11.82861],[124.85896,11.82852],[124.85642,11.82882],[124.85336,11.82839],[124.85169,11.82667],[124.85071,11.81457],[124.85046,11.81274],[124.85057,11.81286],[124.85071,11.81318],[124.85083,11.81326],[124.85095,11.81314],[124.85109,11.81321],[124.85112,11.81335],[124.85107,11.81346],[124.85117,11.81353],[124.8515,11.81352],[124.85166,11.81348],[124.85211,11.81344],[124.85225,11.8135],[124.85219,11.81366],[124.85219,11.81378],[124.8523,11.81387],[124.8524,11.81384],[124.85256,11.81386],[124.85263,11.81395],[124.85274,11.81396],[124.85272,11.81413],[124.85284,11.8142],[124.85305,11.81419],[124.85321,11.81414],[124.85336,11.81416],[124.85358,11.81409],[124.85366,11.8141],[124.85394,11.81401],[124.85412,11.81398],[124.85436,11.81379],[124.85447,11.81383],[124.85463,11.81382],[124.85469,11.81372],[124.8549,11.81373],[124.85499,11.81366],[124.8551,11.8137],[124.85516,11.81359],[124.85528,11.81359],[124.85538,11.81365],[124.85554,11.8136],[124.85564,11.81362],[124.85577,11.81373],[124.85589,11.81366],[124.85609,11.81362],[124.85619,11.81368],[124.85635,11.81363],[124.85643,11.81366],[124.8567,11.81358],[124.85676,11.81363],[124.85691,11.81348],[124.857,11.81319],[124.85713,11.81333],[124.85721,11.81331],[124.8573,11.81317],[124.8579,11.81286],[124.85783,11.81266],[124.85798,11.81275],[124.85807,11.81253],[124.8582,11.81244],[124.85834,11.81248],[124.85836,11.81261],[124.85853,11.81265],[124.85859,11.81247],[124.85845,11.81244],[124.85831,11.81235],[124.85839,11.81216],[124.85864,11.81199],[124.85858,11.8119],[124.85873,11.81174],[124.85857,11.81169],[124.85857,11.81151],[124.85867,11.81151],[124.85877,11.8114],[124.85885,11.8114],[124.85895,11.81148],[124.85905,11.81138],[124.8593,11.81143],[124.85944,11.81132],[124.85955,11.81139],[124.85983,11.81135],[124.85963,11.81123],[124.8597,11.81118],[124.85981,11.81124],[124.8599,11.81108],[124.85984,11.81104],[124.85941,11.81095],[124.85936,11.81098],[124.8591,11.81082],[124.85894,11.8105],[124.85919,11.81047],[124.85898,11.81031],[124.85902,11.81025],[124.85879,11.8102],[124.85881,11.81011],[124.85855,11.80984],[124.85861,11.8096],[124.85859,11.80907],[124.85852,11.80892],[124.85833,11.80891],[124.8582,11.80886],[124.85816,11.80874],[124.8582,11.8086],[124.85799,11.8082],[124.85806,11.80814],[124.85804,11.80802],[124.85795,11.8079],[124.8576,11.80769],[124.85739,11.80753],[124.85732,11.80736],[124.8583,11.80734],[124.86261,11.80831],[124.89517,11.81266],[124.89149,11.83041]]]}},{"type":"Feature","properties":{"name":"Guindaponan","psgc":"0806005049","area_km2":1.886},"geometry":{"type":"Polygon","coordinates":[[[124.91798,11.7731],[124.91713,11.7762],[124.91109,11.77564],[124.9071,11.77531],[124.90326,11.77501],[124.89261,11.77436],[124.88919,11.77406],[124.88902,11.77405],[124.8888,11.77399],[124.88845,11.77383],[124.88774,11.7739],[124.88757,11.77387],[124.88724,11.77395],[124.8868,11.7736],[124.88558,11.77316],[124.88486,11.77292],[124.88501,11.77225],[124.88375,11.77177],[124.88398,11.77146],[124.88413,11.77123],[124.88424,11.77096],[124.88428,11.77046],[124.88414,11.76999],[124.8869,11.76816],[124.8869,11.76816],[124.88873,11.76868],[124.88994,11.76871],[124.89698,11.76903],[124.91126,11.77171],[124.91798,11.7731]]]}},{"type":"Feature","properties":{"name":"Rama","psgc":"0806005050","area_km2":1.106},"geometry":{"type":"MultiPolygon","coordinates":[[[[124.69134,11.81745],[124.6912,11.81752],[124.69118,11.8172],[124.69114,11.81703],[124.69103,11.81702],[124.69089,11.81687],[124.69088,11.8168],[124.69101,11.8165],[124.69121,11.81632],[124.69132,11.81643],[124.69127,11.81662],[124.6912,11.81664],[124.69116,11.81677],[124.69132,11.81684],[124.69129,11.81696],[124.69119,11.81702],[124.69132,11.81709],[124.69124,11.81717],[124.69128,11.81745],[124.69134,11.81745]]],[[[124.69908,11.83386],[124.69888,11.83401],[124.69876,11.83422],[124.69858,11.83435],[124.69855,11.83445],[124.6983,11.83457],[124.69828,11.83462],[124.69807,11.83475],[124.69793,11.83502],[124.69766,11.83522],[124.69747,11.83534],[124.69735,11.83559],[124.69732,11.83581],[124.69716,11.83625],[124.69684,11.8367],[124.69674,11.83679],[124.69661,11.837],[124.69654,11.83702],[124.69631,11.83694],[124.69612,11.83674],[124.69583,11.83641],[124.69577,11.83629],[124.69578,11.83611],[124.69565,11.83587],[124.69548,11.83577],[124.69526,11.83567],[124.69514,11.83568],[124.69478,11.83551],[124.69463,11.83552],[124.69446,11.83558],[124.69429,11.83547],[124.69412,11.8355],[124.69408,11.83542],[124.69386,11.83527],[124.69365,11.83519],[124.69327,11.83516],[124.69305,11.83523],[124.69251,11.83558],[124.69235,11.83578],[124.69218,11.8358],[124.69185,11.83579],[124.69175,11.83571],[124.69141,11.8357],[124.69125,11.83575],[124.69118,11.83583],[124.69089,11.8358],[124.69079,11.83593],[124.69069,11.83595],[124.69021,11.83596],[124.68988,11.83607],[124.6898,11.83617],[124.68963,11.83623],[124.68953,11.8364],[124.68942,11.8364],[124.68937,11.8363],[124.6892,11.83634],[124.68907,11.83646],[124.68888,11.8364],[124.68882,11.83652],[124.68851,11.83663],[124.68837,11.83675],[124.6882,11.83677],[124.68809,11.83671],[124.68807,11.83662],[124.68792,11.8367],[124.68773,11.83656],[124.68774,11.83645],[124.68764,11.83643],[124.6876,11.83635],[124.68748,11.8364],[124.68739,11.83632],[124.68741,11.8362],[124.68761,11.83621],[124.68763,11.83604],[124.68777,11.83598],[124.68791,11.83599],[124.6881,11.83608],[124.6881,11.83615],[124.68839,11.8362],[124.68873,11.83604],[124.68888,11.836],[124.68896,11.83594],[124.68904,11.83576],[124.68912,11.83567],[124.68914,11.83547],[124.6892,11.83535],[124.68907,11.83522],[124.68917,11.8351],[124.68903,11.83485],[124.68904,11.83465],[124.68911,11.83458],[124.68911,11.8344],[124.68931,11.8341],[124.68943,11.83409],[124.68951,11.83382],[124.68942,11.83373],[124.68969,11.8335],[124.68981,11.83351],[124.68987,11.83343],[124.6898,11.83332],[124.6899,11.83324],[124.68983,11.83318],[124.69002,11.83303],[124.69003,11.83286],[124.69015,11.83281],[124.69011,11.83267],[124.69021,11.83267],[124.69024,11.83251],[124.69017,11.83244],[124.69021,11.83235],[124.69033,11.83237],[124.69035,11.83223],[124.69042,11.83212],[124.69054,11.83215],[124.69066,11.83206],[124.69074,11.83187],[124.69085,11.83175],[124.69082,11.83147],[124.69089,11.83143],[124.69091,11.83128],[124.6908,11.83119],[124.6909,11.83109],[124.69085,11.83079],[124.69102,11.83063],[124.69103,11.83051],[124.69116,11.83038],[124.69129,11.83035],[124.69135,11.83024],[124.69154,11.83014],[124.69164,11.82998],[124.69175,11.82992],[124.69182,11.82971],[124.69209,11.82934],[124.69231,11.82893],[124.69248,11.82865],[124.69262,11.82851],[124.69268,11.82828],[124.69284,11.82809],[124.69284,11.82784],[124.6929,11.82778],[124.69292,11.82763],[124.69301,11.82737],[124.69298,11.827],[124.69301,11.82672],[124.69299,11.82639],[124.69291,11.82617],[124.69286,11.82594],[124.69279,11.82582],[124.69278,11.82564],[124.69273,11.82557],[124.69262,11.8251],[124.69266,11.82495],[124.69283,11.82468],[124.6928,11.82462],[124.69289,11.82415],[124.6928,11.82414],[124.69275,11.82404],[124.69291,11.82403],[124.69304,11.82392],[124.69305,11.82376],[124.69313,11.82366],[124.69294,11.82363],[124.69237,11.82321],[124.69223,11.82315],[124.69199,11.82298],[124.69194,11.82299],[124.6917,11.82287],[124.69151,11.82285],[124.69139,11.82277],[124.69084,11.8226],[124.69051,11.82253],[124.69027,11.82235],[124.69018,11.82221],[124.69002,11.82205],[124.68973,11.82182],[124.68966,11.82168],[124.68951,11.82152],[124.68939,11.82125],[124.68937,11.82102],[124.68945,11.82079],[124.68947,11.82058],[124.68956,11.82036],[124.68972,11.82015],[124.6898,11.81994],[124.6899,11.81979],[124.68998,11.81953],[124.69035,11.81913],[124.69059,11.81893],[124.69093,11.81877],[124.69146,11.81856],[124.6916,11.81845],[124.69179,11.81847],[124.69197,11.81858],[124.69227,11.81862],[124.69235,11.81859],[124.69302,11.8201],[124.69595,11.82609],[124.69908,11.83386]]],[[[124.67728,11.83994],[124.67716,11.83993],[124.67713,11.83974],[124.67727,11.83966],[124.67711,11.83957],[124.67703,11.83946],[124.67694,11.83923],[124.67682,11.83919],[124.67688,11.83909],[124.67682,11.839],[124.67673,11.83901],[124.67659,11.83883],[124.67661,11.83876],[124.67705,11.83872],[124.67733,11.83865],[124.6773,11.83847],[124.67756,11.83848],[124.67768,11.83845],[124.67756,11.83827],[124.67756,11.83811],[124.67778,11.83802],[124.67795,11.8381],[124.67837,11.83813],[124.6787,11.83807],[124.67894,11.8381],[124.67912,11.83822],[124.67924,11.83821],[124.6794,11.83811],[124.67954,11.83815],[124.67972,11.83813],[124.67988,11.83826],[124.68005,11.83827],[124.6802,11.83842],[124.68027,11.83864],[124.68024,11.83881],[124.68006,11.83896],[124.68,11.83912],[124.67992,11.83919],[124.67992,11.83936],[124.6798,11.83943],[124.67962,11.83945],[124.67949,11.83955],[124.67928,11.83946],[124.67906,11.83932],[124.67886,11.83935],[124.67864,11.83949],[124.67833,11.83955],[124.67799,11.8395],[124.67787,11.83961],[124.67784,11.83971],[124.67773,11.83981],[124.67756,11.83982],[124.67744,11.83991],[124.67728,11.83994]]]]}},{"type":"Feature","properties":{"name":"San Andres","psgc":"0806005051","area_km2":5.786},"geometry":{"type":"Polygon","coordinates":[[[124.91713,11.7762],[124.91546,11.78074],[124.91385,11.78294],[124.91237,11.78494],[124.91026,11.78761],[124.90823,11.79082],[124.90604,11.79585],[124.90552,11.79708],[124.90562,11.80021],[124.90003,11.79929],[124.89835,11.79901],[124.88861,11.7972],[124.88933,11.79426],[124.88979,11.79241],[124.88983,11.79216],[124.88996,11.79163],[124.88999,11.79158],[124.8907,11.78875],[124.89058,11.78385],[124.89086,11.78386],[124.89161,11.78392],[124.89163,11.78367],[124.89173,11.78358],[124.89179,11.78341],[124.89233,11.77948],[124.89243,11.7785],[124.89256,11.77691],[124.89261,11.77436],[124.90326,11.77501],[124.9071,11.77531],[124.91109,11.77564],[124.91713,11.7762]]]}},{"type":"Feature","properties":{"name":"San Pablo","psgc":"0806005052","area_km2":0.044},"geometry":{"type":"Polygon","coordinates":[[[124.88356,11.779],[124.88279,11.78186],[124.88207,11.78182],[124.88184,11.78175],[124.88194,11.78145],[124.88195,11.78082],[124.88184,11.78064],[124.88177,11.78031],[124.88152,11.77974],[124.88156,11.77972],[124.88159,11.77952],[124.88178,11.77951],[124.88225,11.77953],[124.88261,11.77881],[124.88356,11.779]]]}},{"type":"Feature","properties":{"name":"San Roque","psgc":"0806005053","area_km2":0.951},"geometry":{"type":"Polygon","coordinates":[[[124.83775,11.81468],[124.83765,11.81477],[124.83741,11.81452],[124.83704,11.81435],[124.83687,11.81435],[124.83684,11.81429],[124.83737,11.8144],[124.8308,11.81019],[124.82884,11.80418],[124.82896,11.80401],[124.82906,11.80398],[124.82908,11.80377],[124.82922,11.80371],[124.82924,11.80356],[124.82911,11.80362],[124.82903,11.80347],[124.8292,11.80341],[124.82907,11.80317],[124.82881,11.80309],[124.82868,11.80297],[124.82875,11.8029],[124.82878,11.80267],[124.8289,11.80246],[124.82888,11.80236],[124.82888,11.80211],[124.82913,11.8021],[124.82937,11.80195],[124.82975,11.80161],[124.83998,11.80264],[124.83995,11.80273],[124.83971,11.80303],[124.83963,11.80327],[124.83966,11.80336],[124.8395,11.80355],[124.8395,11.80389],[124.83936,11.80391],[124.83916,11.80415],[124.83923,11.80422],[124.83913,11.80439],[124.83907,11.8047],[124.83908,11.80486],[124.83902,11.8049],[124.83904,11.80506],[124.83901,11.80518],[124.83914,11.8059],[124.83913,11.8062],[124.83901,11.80641],[124.83856,11.8066],[124.83828,11.8067],[124.83773,11.80674],[124.83722,11.80673],[124.83716,11.80664],[124.83704,11.80674],[124.83669,11.80689],[124.83666,11.80683],[124.83634,11.80706],[124.83618,11.80729],[124.83619,11.80747],[124.83615,11.80755],[124.8361,11.80788],[124.83603,11.80815],[124.83606,11.80821],[124.83589,11.8084],[124.83584,11.8085],[124.83594,11.8087],[124.83589,11.80883],[124.83559,11.8088],[124.83554,11.80889],[124.83561,11.80902],[124.83574,11.80895],[124.83595,11.80902],[124.83598,11.8094],[124.83605,11.8095],[124.83608,11.8097],[124.83625,11.80977],[124.83633,11.80972],[124.83654,11.81004],[124.83672,11.81009],[124.83685,11.81023],[124.83688,11.81041],[124.83683,11.81052],[124.83668,11.81067],[124.83645,11.81103],[124.83633,11.81153],[124.8364,11.81189],[124.83638,11.812],[124.83639,11.81241],[124.83643,11.81252],[124.83666,11.81295],[124.8369,11.81324],[124.83714,11.81351],[124.83727,11.81361],[124.8373,11.81374],[124.83724,11.81383],[124.83733,11.81399],[124.83725,11.81406],[124.8374,11.81423],[124.83743,11.81439],[124.83775,11.81468]]]}},{"type":"Feature","properties":{"name":"San Vicente","psgc":"0806005054","area_km2":4.957},"geometry":{"type":"Polygon","coordinates":[[[124.8552,11.86498],[124.85513,11.86559],[124.85358,11.87761],[124.84643,11.87734],[124.83694,11.87205],[124.82813,11.86792],[124.82327,11.86423],[124.82243,11.86301],[124.8243,11.85496],[124.8248,11.85512],[124.83302,11.85761],[124.84155,11.86024],[124.8552,11.86498]]]}},{"type":"Feature","properties":{"name":"Silanga","psgc":"0806005055","area_km2":1.685},"geometry":{"type":"Polygon","coordinates":[[[124.85046,11.81274],[124.85071,11.81457],[124.85169,11.82667],[124.84992,11.82667],[124.84676,11.82629],[124.83772,11.82382],[124.83743,11.82363],[124.83585,11.82268],[124.8359,11.82297],[124.83585,11.82297],[124.83581,11.8228],[124.83583,11.8223],[124.83595,11.82217],[124.83612,11.82219],[124.83624,11.82214],[124.83657,11.82215],[124.83678,11.82204],[124.83709,11.82195],[124.83714,11.82185],[124.83737,11.82171],[124.83758,11.82151],[124.8376,11.82138],[124.83782,11.821],[124.83793,11.82061],[124.83796,11.82029],[124.83814,11.82013],[124.83844,11.81982],[124.83867,11.81971],[124.839,11.81941],[124.83899,11.8193],[124.83916,11.81897],[124.83926,11.81892],[124.83923,11.81863],[124.83934,11.81858],[124.83926,11.81849],[124.83928,11.81837],[124.83923,11.81818],[124.83932,11.81805],[124.8393,11.8179],[124.83935,11.8173],[124.83923,11.81709],[124.83928,11.81703],[124.83917,11.81659],[124.83907,11.81629],[124.83889,11.81603],[124.83881,11.81599],[124.83863,11.81574],[124.83867,11.8157],[124.83847,11.81554],[124.8378,11.81489],[124.83765,11.81477],[124.83775,11.81468],[124.83787,11.81482],[124.83861,11.81549],[124.83867,11.81548],[124.83877,11.8156],[124.83902,11.8156],[124.83929,11.8155],[124.83946,11.8154],[124.83959,11.81527],[124.83973,11.81519],[124.8398,11.81526],[124.83985,11.81549],[124.83994,11.81556],[124.83993,11.81568],[124.8402,11.81584],[124.84027,11.81579],[124.8405,11.81581],[124.8405,11.81593],[124.84073,11.81596],[124.84068,11.81608],[124.84082,11.81624],[124.84109,11.81631],[124.84119,11.81639],[124.84128,11.81621],[124.84139,11.81619],[124.8416,11.81626],[124.84156,11.81643],[124.84165,11.81645],[124.84161,11.8166],[124.84175,11.81668],[124.84185,11.81659],[124.84227,11.81666],[124.84246,11.81676],[124.84256,11.81677],[124.84262,11.81687],[124.84271,11.81681],[124.84283,11.81681],[124.84284,11.81667],[124.84307,11.81667],[124.84313,11.81679],[124.84341,11.81683],[124.84352,11.81675],[124.8436,11.8166],[124.84348,11.81658],[124.84337,11.81643],[124.84343,11.81615],[124.84353,11.81605],[124.84361,11.81609],[124.84385,11.81608],[124.8442,11.81564],[124.84447,11.81546],[124.84457,11.81535],[124.84466,11.81533],[124.84489,11.81505],[124.84502,11.81495],[124.84513,11.81472],[124.84534,11.81455],[124.84549,11.81453],[124.84566,11.81456],[124.84605,11.81456],[124.84621,11.81457],[124.84657,11.81456],[124.84675,11.81451],[124.84715,11.81446],[124.8473,11.81442],[124.84752,11.8143],[124.84767,11.81413],[124.84782,11.81407],[124.84781,11.81386],[124.84773,11.81382],[124.84788,11.81365],[124.84787,11.81358],[124.84804,11.8134],[124.84816,11.81319],[124.84822,11.81296],[124.84843,11.81276],[124.84867,11.81259],[124.84886,11.81248],[124.84899,11.81238],[124.84918,11.81229],[124.84935,11.81225],[124.84986,11.81219],[124.85,11.81223],[124.85033,11.81258],[124.85046,11.81274]]]}},{"type":"Feature","properties":{"name":"Totoringon","psgc":"0806005056","area_km2":12.132},"geometry":{"type":"Polygon","coordinates":[[[124.94324,11.85066],[124.94575,11.85732],[124.94929,11.86502],[124.95439,11.87647],[124.95577,11.87951],[124.93537,11.8783],[124.92241,11.87844],[124.91359,11.87847],[124.91319,11.86836],[124.91298,11.85381],[124.91297,11.85064],[124.922,11.85064],[124.94324,11.85066]]]}},{"type":"Feature","properties":{"name":"Ibol","psgc":"0806005057","area_km2":0.638},"geometry":{"type":"MultiPolygon","coordinates":[[[[124.89732,11.74846],[124.89739,11.74851],[124.89754,11.74879],[124.8976,11.74907],[124.89756,11.74908],[124.89722,11.74853],[124.89712,11.74831],[124.89679,11.74848],[124.89664,11.7485],[124.89642,11.74848],[124.89609,11.74827],[124.89597,11.74816],[124.89613,11.74804],[124.89604,11.74778],[124.89609,11.74767],[124.89608,11.74715],[124.89613,11.74657],[124.89626,11.74648],[124.8964,11.74628],[124.89647,11.74609],[124.89648,11.74582],[124.89642,11.74566],[124.89641,11.7455],[124.89632,11.74535],[124.89621,11.74507],[124.89621,11.74483],[124.89617,11.74476],[124.8961,11.74438],[124.89615,11.74423],[124.89626,11.74408],[124.89635,11.74387],[124.89658,11.74374],[124.89685,11.74339],[124.89693,11.74323],[124.89711,11.74298],[124.89719,11.74279],[124.89733,11.74261],[124.8975,11.74229],[124.89762,11.74241],[124.89765,11.74254],[124.89761,11.74264],[124.89749,11.74276],[124.89746,11.74285],[124.89747,11.74349],[124.8976,11.74364],[124.89761,11.74399],[124.89749,11.74411],[124.89747,11.74421],[124.89755,11.74428],[124.89758,11.74441],[124.89754,11.74454],[124.89743,11.74457],[124.89734,11.74465],[124.8974,11.74473],[124.89737,11.74484],[124.89747,11.74504],[124.89736,11.7451],[124.89739,11.74524],[124.89723,11.74545],[124.89723,11.74552],[124.89715,11.74576],[124.89711,11.74596],[124.89717,11.74603],[124.89714,11.74614],[124.8973,11.74627],[124.89728,11.74654],[124.8974,11.74674],[124.8974,11.74703],[124.89743,11.74736],[124.89738,11.74743],[124.89737,11.74762],[124.89744,11.74773],[124.89742,11.74786],[124.89731,11.74797],[124.89722,11.74815],[124.89723,11.74826],[124.89732,11.74846]]],[[[124.90663,11.75764],[124.90368,11.75778],[124.90229,11.75851],[124.90182,11.75877],[124.9008,11.75993],[124.89954,11.76144],[124.89818,11.76207],[124.89804,11.75845],[124.8979,11.75423],[124.89796,11.75424],[124.89808,11.75467],[124.89813,11.75473],[124.89809,11.75485],[124.89824,11.75492],[124.89839,11.75492],[124.89844,11.75509],[124.89855,11.75497],[124.89867,11.75499],[124.89878,11.75515],[124.89885,11.75504],[124.89898,11.75506],[124.89907,11.75512],[124.89928,11.75512],[124.89927,11.75497],[124.89948,11.75498],[124.89967,11.75504],[124.89979,11.75517],[124.89992,11.75516],[124.90003,11.75526],[124.90015,11.7552],[124.90039,11.75532],[124.90052,11.75552],[124.90053,11.75566],[124.9006,11.75575],[124.90076,11.75563],[124.90093,11.75555],[124.90101,11.75546],[124.90092,11.75536],[124.901,11.75524],[124.90101,11.75507],[124.90098,11.75498],[124.90109,11.75485],[124.90112,11.75471],[124.90121,11.75475],[124.90136,11.75461],[124.90133,11.75453],[124.90147,11.75438],[124.90158,11.75437],[124.90175,11.75421],[124.90177,11.7541],[124.90198,11.75401],[124.90194,11.75395],[124.90204,11.75384],[124.90205,11.75368],[124.90215,11.7536],[124.90215,11.75345],[124.90224,11.75339],[124.90219,11.75324],[124.90225,11.75321],[124.90226,11.75288],[124.90236,11.75277],[124.90242,11.75261],[124.90254,11.75242],[124.90248,11.75222],[124.90249,11.75199],[124.90241,11.75191],[124.90234,11.75157],[124.90237,11.75142],[124.90235,11.75125],[124.90226,11.75103],[124.90228,11.75056],[124.90238,11.75026],[124.90234,11.75011],[124.90246,11.74996],[124.90248,11.74975],[124.90255,11.7496],[124.90263,11.74956],[124.90278,11.74939],[124.90285,11.74938],[124.90302,11.74927],[124.9032,11.7491],[124.90663,11.75764]]]]}},{"type":"Feature","properties":{"name":"Socorro","psgc":"0806005059","area_km2":0.372},"geometry":{"type":"Polygon","coordinates":[[[124.89767,11.76493],[124.8975,11.76602],[124.89698,11.76903],[124.88994,11.76871],[124.88873,11.76868],[124.8869,11.76816],[124.88977,11.76744],[124.89012,11.76549],[124.89229,11.76512],[124.89506,11.76472],[124.89767,11.76493]]]}}]}